LIT,LIT-1,CCC(COC(=O)C(NP(=O)(Oc1ccccc1)OCC1OC(C(C1O)O)(C#N)c1ccc2n1ncnc2N)C)CC
LIT,LIT-2,CCN(CCCC(Nc1ccnc2c1ccc(c2)Cl)C)CC
LIT,LIT-3,CC(=O)Oc1ccccc1C(=O)Nc1ncc(s1)[N+](=O)[O-]
LIT,LIT-4,NC(=Nc1ccc(cc1)C(=O)Oc1ccc2c(c1)ccc(c2)C(=N)N)N
LIT,LIT-5,OCC(CCn1cnc2c1nc(N)[nH]c2=O)CO
LIT,LIT-6,NC(=Nc1ccc(cc1)C(=O)Oc1ccc2c(c1)ccc(c2)C(=N)N)N
LIT,LIT-7,Fc1c[nH]c(=O)c(n1)C(=O)N
LIT,LIT-8,CCOC(=O)N1CCC(=C2c3ccc(cc3CCc3c2nccc3)Cl)CC1
LIT,LIT-9,COc1cccc2c1C(=O)c1c(C2=O)c(O)c2c(c1O)C(OC1CC(N)C(C(O1)C)O)CC(C2)(O)C(=O)C
LIT,LIT-10,COC1C(CC2OC1(C)n1c3ccccc3c3c1c1n2c2ccccc2c1c1c3CNC1=O)N(C(=O)c1ccccc1)C
LIT,LIT-11,CN1CCN(CC1)Cc1ccc(cc1C(F)(F)F)NC(=O)c1ccc(c(c1)C#Cc1cnc2n1nccc2)C
LIT,LIT-12,Clc1cccc(c1)Nc1nc2cc(ccc2c2c1ccnc2)C(=O)O
LIT,LIT-13,CCCC(C(=O)O)CCC
LIT,LIT-14,Fc1ccc(cc1)C(=O)CCCN1CCC(CC1)(O)c1ccc(cc1)Cl
LIT,LIT-15,CN(C(=N)N=C(N)N)C
LIT,LIT-16,OCC1NCC(C(C1O)O)O
LIT,LIT-17,COc1ccc(cc1OC)CCN(CCCC(c1ccc(c(c1)OC)OC)(C(C)C)C#N)C
LIT,LIT-18,COc1ccc2c(c1)c(CC(=O)O)c(n2C(=O)c1ccc(cc1)Cl)C
LIT,LIT-19,N#CCC(n1ncc(c1)c1ncnc2c1cc[nH]2)C1CCCC1
LIT,LIT-20,COc1c(CC=C(CCC(=O)O)C)c(O)c2c(c1C)COC2=O
LIT,LIT-21,CCN(C(=O)C(=Cc1cc(O)c(c(c1)[N+](=O)[O-])O)C#N)CC
LIT,LIT-22,OCC1OC(C(C1O)O)n1cnc(n1)C(=O)N
LIT,LIT-23,Cc1cc(nn1c1ccc2c(c1)cccc2)OCCN1CCOCC1
LIT,LIT-24,COc1cc(ccc1c1cnco1)NC(=O)Nc1cccc(c1)CNC(=O)OC1COCC1
LIT,LIT-25,OCCOc1c(C)cc(cc1C)c1nc2cc(OC)cc(c2c(=O)[nH]1)OC
LIT,LIT-26,Clc1ccc2c(c1)c1nc([nH]c(=O)c1o2)C1CCCN1
LIT,LIT-27,Brc1cccc(c1)C(=NNC(=O)C(c1n[nH]c(=O)c2c1cccc2)NC(=O)c1ccccc1)C
LIT,LIT-28,CCC(=O)CCCCCC1NC(=O)C2CCCCN2C(=O)C(NC(=O)C(NC1=O)Cc1cn(c2c1cccc2)OC)C(CC)C
LIT,LIT-29,N#Cc1ccc(cc1)NC(=O)c1ccc2c(c1)nc(n2C(C1CCCCC1)C)c1cc2OCOc2cc1Br
LIT,LIT-30,CCCc1cc(F)ccc1C(c1ncc[nH]1)O
LIT,LIT-31,COC1C=CC=C(C)CC(C)C(O)C(C=C(C=C(C(=O)OC1C(C(C(C1(O)CC(O)C(C(O1)C(C)C)C)C)O)C)OC)C)C
LIT,LIT-32,NCc1ccc(s1)S(=O)(=O)c1cc(cc(c1)S(=O)(=O)C)c1ccccc1
LIT,LIT-33,NCC1CCN(CC1)C(=O)c1cccc(c1)CNC(=O)C(C(CC)C)NC(=O)C(NC(=O)c1ccno1)CC1CCCCC1
LIT,LIT-34,Brc1ccc(cc1)C=CCNCCNS(=O)(=O)c1cccc2c1ccnc2
LIT,LIT-35,O=C(OC(C)(C)C)CC1N=C(c2ccc(cc2)Cl)c2c(-n3c1nnc3C)sc(c2C)C
LIT,LIT-36,COc1cccc2c1CCCC2CCCN1CCN(CC1)C1CCCCC1
LIT,LIT-37,CCCN1CCC=C(C1)c1onc(c1)c1ccc(cc1)C
LIT,LIT-38,COC(=O)C1(CC1CN1CCC(CC1)(O)c1ccccc1)c1ccc(cc1)C
LIT,LIT-39,OC(=O)Cn1c(nc2c1c(Br)c(Br)c(c2Br)Br)N(C)C
LIT,LIT-40,COc1ccc(cc1)C1C2=C(OC(=C1C#N)N)CC(CC2=O)c1cccc2c1cccc2
LIT,LIT-41,O=C1C[N+]2([B-](O1)(OC(=O)C2)c1ccc(cc1)Cn1c(C)nc2c1cc(Cl)c(c2[N+](=O)[O-])Cl)C
LIT,LIT-42,COc1cc(ccc1OC)c1nn2c(s1)nnc2c1ccco1
LIT,LIT-43,COc1cc(ccc1OC)c1nn2c(s1)nnc2c1cccs1
LIT,LIT-44,O=C(C1CCC1)NCCCNc1nc(ncc1C1CC1)Nc1ccc(cc1)N1CCOCC1
LIT,LIT-45,S=C1SC(=Cc2ccc(o2)c2ccc(c(c2)C(=O)O)Cl)C(=O)N1Cc1ccccc1
LIT,LIT-46,CCNC(=O)c1cc2c([nH]1)c(=O)n(cc2c1cc(ccc1Oc1c(C)cc(cc1C)F)C(O)(C)C)C
LIT,LIT-47,CN(C(=O)COC(=O)Cc1ccc(cc1)OC(=O)c1ccc(cc1)N=C(N)N)C
LIT,LIT-48,SCC(C(=O)N1CCCC1C(=O)O)C
LIT,LIT-49,NC(=O)c1cccc2c1cc(n2c1nc(NCc2ccccc2)c2c(n1)CCOC2)C
LIT,LIT-50,OCC(C(c1ccc(cc1)[N+](=O)[O-])O)NC(=O)C(Cl)Cl
LIT,LIT-51,CCN(CCCC(Nc1ccnc2c1ccc(c2)Cl)C)CC
LIT,LIT-52,OC(=O)COc1ccc(cc1)C=C1SC(=O)NC1=O
LIT,LIT-53,CO[C@@H]1CC/C=C/c2cccc(c2)[C@@H](CCNC(=O)OC(C)(C)C)OC(=O)[C@H]2NN(C(=O)[C@@H](NC(=O)[C@@H](NC(=O)[C@@H]1C)C(C)C)C)CCC2
LIT,LIT-54,NC(=O)CC1N=C(c2ccc(cc2)Cl)c2c(-c3c1onc3C)cccc2
LIT,LIT-55,Nc1nccc(n1)c1sc(nc1c1cccc(c1F)NS(=O)(=O)c1c(F)cccc1F)C(C)(C)C
LIT,LIT-56,c1ccc(cc1)CNc1nc(NCc2ccccc2)c2c(n1)cccc2
LIT,LIT-57,O=C(COc1cccc2c1C(=O)N(C2=O)C1CCC(=O)NC1=O)NCCCCCCCCNC(=O)CC1N=C(c2ccc(cc2)Cl)c2c(-n3c1nnc3C)sc(c2C)C
LIT,LIT-58,OC[C@H]1N(CCCCCCN(C(=O)NC(C)(C)C)C2CCCCC2)C[C@@H]([C@H]([C@@H]1O)O)O
LIT,LIT-59,CC(=O)NCC1OC(=O)N(C1)c1ccc(c(c1)F)N1CCOCC1
LIT,LIT-60,NCCCCC(C(=O)N1CCCC1C(=O)O)NC(C(=O)O)CCc1ccccc1
LIT,LIT-61,Nc1cc(nc(=N)n1O)N1CCCCC1
LIT,LIT-62,COc1cccc2c1nc(nc2NCc1ccccc1)n1c(N)nc2c1cccc2
LIT,LIT-63,O[C@@H]1C[C@H](N(C1)C(=O)[C@H](C(C)(C)C)NC(=O)COCCOCCOCCNC(=O)C[C@@H]1N=C(c2ccc(cc2)Cl)c2c(n3c1nnc3C)sc(c2C)C)C(=O)NCc1ccc(cc1)c1scnc1C
LIT,LIT-64,NC(=Nc1ccc(cc1)C(=O)Oc1ccc2c(c1)ccc(c2)C(=N)N)N
LIT,LIT-65,OC1CC(CC1COS(=O)(=O)N)n1ccc2c1ncnc2NC1CCc2c1cccc2
LIT,LIT-66,N#CCC[C@H]1OC(=O)[C@H](C)N(C)C(=O)[C@H](CC(C)C)NC(=O)[C@H](Cc2cn(c3c2cccc3)Cc2ccc(cc2)Br)N(C(=O)[C@@H](NC(=O)[C@@H](N(C(=O)[C@@H](NC1=O)CC(C)C)C)CC(C)C)CC(C)C)C
LIT,LIT-67,COC1CC(CCC1O)CC(C1OC(=O)C2CCCCN2C(=O)C(=O)C2(O)OC(CCC2C)CC(OC)C(=CC=CC=CC(CC(C(=O)C(C(C(=CC(C(=O)C1)C)C)O)OC)C)C)C)C
LIT,LIT-68,CCC1CC(C)C2(NC1=O)OC(CC(C(CCC=CC=C(C1CC=CC=CC(O)C(C)C(O)C(CCC(=O)C)C(=O)NC(C(=O)NC(C(=O)N3NC(C(=O)O1)CCC3)Cc1cccc(c1)O)C(C)C)C)C)O)C(C(C2C)O)C
LIT,LIT-69,Nc1oc2c(n1)cc(cc2)c1nn(c2c1c(N)ncn2)C(C)C
LIT,LIT-70,C=CCC1C=C(C)CC(C)CC(OC)C2OC(O)(C(CC2OC)C)C(=O)C(=O)N2C(C(=O)OC(C(C(CC1=O)O)C)C(=CC1CCC(C(C1)OC)O)C)CCCC2
LIT,LIT-71,C=C[C@@H](C[C@@H]1NC(=O)[C@H](CC(C)C)N(C)C(=O)[C@H](C)N(C)C(=O)[C@H](NC(=O)[C@H](NC(=O)[C@@H]2N(C(=O)[C@@H](N(C1=O)C)C)CCCC2)[C@@H](C(C)C)O)[C@H](CC)C)C
LIT,LIT-72,O=C(Nc1cc(N(C)C)c2c(c1O)C(=C1C(C2)CC2C(C1=O)(O)C(=C(C(=O)C2N(C)C)C(=O)N)O)O)CNC(C)(C)C
LIT,LIT-73,Nc1ncnc(c1)Nc1cc(C)c2n(c1=O)C1(CCCCC1)NC2=O
LIT,LIT-74,O=C(C=Cn1cnc(n1)c1cc(cc(c1)C(F)(F)F)C(F)(F)F)NNc1ccccn1
LIT,LIT-75,CC[C@@H]([C@@H]1/C=C/C/C=C/C[C@@H](C)[C@H](O)[C@H]([C@H]2O[C@](C(=O)C(=O)N3[C@H](C(=O)O1)CCCC3)(O)[C@H](C)CC2)C)Cc1ccccc1
LIT,LIT-76,COc1nc(OC)cc2c1[C@]1(O)[C@H](O)[C@@H]([C@H]([C@@]1(O2)c1ccc(cc1)C#N)c1ccccc1)CN(C)C
LIT,LIT-77,CN(C(=O)COC(=O)Cc1ccc(cc1)OC(=O)c1ccc(cc1)N=C(N)N)C
LIT,LIT-78,CCN(CCCC(Nc1ccnc2c1ccc(c2)Cl)C)CC
LIT,LIT-79,CN(CCCN1c2ccccc2Sc2c1cc(Cl)cc2)C
LIT,LIT-80,OCC12C(O)CC(CC2(O)CCC2C1C(O)CC1(C2(O)CCC1C1=CC(=O)OC1)C)OC1OC(C)C(C(C1O)O)O
LIT,LIT-81,OC1CCC2(C(C1)CCC1C2CCC2(C1(O)CCC2c1ccc(=O)oc1)C)C
LIT,LIT-82,CC1COC2=C1C(=O)C(=O)c1c2ccc2c1cccc2C
LIT,LIT-83,CCN(C(=S)SSC(=S)N(CC)CC)CC
LIT,LIT-84,Nc1nc(=S)c2c([nH]1)nc[nH]2
LIT,LIT-85,COc1c(CC=C(CCC(=O)O)C)c(O)c2c(c1C)COC2=O
LIT,LIT-86,CN(C(CN1c2ccccc2Sc2c1cccc2)C)C
LIT,LIT-87,OCCN1CCN(CC1)CCCN1c2ccccc2Sc2c1cc(cc2)C(F)(F)F
LIT,LIT-88,OCC1OC(C(C1O)O)n1cnc(n1)C(=O)N
LIT,LIT-89,O=C(NC(C(CC(Cc1ccccc1)NC(=O)C(N1CCCNC1=O)C(C)C)O)Cc1ccccc1)COc1c(C)cccc1C
LIT,LIT-90,O=C(NC(C(CC(Cc1ccccc1)NC(=O)C(C(C)C)NC(=O)N(Cc1csc(n1)C(C)C)C)O)Cc1ccccc1)OCc1cncs1
LIT,LIT-91,OCC(CCn1cnc2c1nc(N)[nH]c2=O)CO
LIT,LIT-92,CC(=O)Oc1ccccc1C(=O)Nc1ncc(s1)[N+](=O)[O-]
LIT,LIT-93,CCN(CCCC(Nc1ccnc2c1ccc(c2)Cl)C)CC
LIT,LIT-94,CCC(COC(=O)C(NP(=O)(Oc1ccccc1)OCC1OC(C(C1O)O)(C#N)c1ccc2n1ncnc2N)C)CC
LIT,LIT-95,Fc1c[nH]c(=O)c(n1)C(=O)N
LIT,LIT-96,OCC1OC(C(C1O)O)n1cnc(n1)C(=O)N
LIT,LIT-97,CCOC(=O)C1=CC(C(C(C1)N)NC(=O)C)OC(CC)CC
LIT,LIT-98,OC(=O)P(=O)(O)O
LIT,LIT-99,Oc1cc(O)c2c(c1)O[C@@H]([C@@H](C2)OC(=O)c1cc(O)c(c(c1)O)O)c1cc(O)c(c(c1)O)O
LIT,LIT-100,OC1C(OC2OC(C(=O)O)C(C(C2O)O)O)C(OC(C1O)C(=O)O)OC1CCC2(C(C1(C)C)CCC1(C2C(=O)C=C2C1(C)CCC1(C2CC(C)(CC1)C(=O)O)C)C)C
LIT,LIT-101,OCC(C(C1OC(=CC(C1NC(=O)C)N=C(N)N)C(=O)O)O)O
LIT,LIT-102,CCOC(=O)C1=CC(C(C(C1)N)NC(=O)C)OC(CC)CC
LIT,LIT-103,CCOC(=O)c1c(CSc2ccccc2)n(c2c1c(CN(C)C)c(O)c(c2)Br)C
LIT,LIT-104,Nc1ccn(c(=O)n1)C1CSC(O1)CO
LIT,LIT-105,O=C(NC(C(CC(Cc1ccccc1)NC(=O)C(N1CCCNC1=O)C(C)C)O)Cc1ccccc1)COc1c(C)cccc1C
LIT,LIT-106,O=C(NC(C(CC(Cc1ccccc1)NC(=O)C(C(C)C)NC(=O)N(Cc1csc(n1)C(C)C)C)O)Cc1ccccc1)OCc1cncs1
LIT,LIT-107,CCOC(=O)c1c(CSc2ccccc2)n(c2c1c(CN(C)C)c(O)c(c2)Br)C
LIT,LIT-108,OCCN(CCCC(Nc1ccnc2c1ccc(c2)Cl)C)CC
LIT,LIT-109,CCN(CCCC(Nc1ccnc2c1ccc(c2)Cl)C)CC
LIT,LIT-110,CCC(COC(=O)C(NP(=O)(Oc1ccccc1)OCC1OC(C(C1O)O)(C#N)c1ccc2n1ncnc2N)C)CC
LIT,LIT-111,CCOC(=O)c1c(CSc2ccccc2)n(c2c1c(CN(C)C)c(O)c(c2)Br)C
LIT,LIT-112,O=C(NC(C(CC(Cc1ccccc1)NC(=O)C(N1CCCNC1=O)C(C)C)O)Cc1ccccc1)COc1c(C)cccc1C
LIT,LIT-113,O=C(NC(C(CC(Cc1ccccc1)NC(=O)C(C(C)C)NC(=O)N(Cc1csc(n1)C(C)C)C)O)Cc1ccccc1)OCc1cncs1
LIT,LIT-114,CC(CN(S(=O)(=O)c1ccc(cc1)N)CC(C(Cc1ccccc1)NC(=O)OC1COC2C1CCO2)O)C
LIT,LIT-115,O=C(NC(Cc1ccccc1)CCC(Cc1ccccc1)NC(=O)C(NC(=O)N(Cc1csc(n1)C(C)C)C)CCN1CCOCC1)OCc1cncs1
LIT,LIT-116,Fc1c[nH]c(=O)c(n1)C(=O)N
LIT,LIT-117,O=C1CCC(C(=O)N1)N1C(=O)c2c(C1=O)cccc2
LIT,LIT-118,OCC(C1OC(=O)C(=C1O)O)O
LIT,LIT-119,OCC(=O)[C@@]1(O)CC[C@@H]2[C@]1(C)CC(=O)[C@H]1[C@H]2C[C@@H](C2=CC(=O)C=C[C@]12C)C
LIT,LIT-120,Cc1ccc(=O)n(c1)c1ccccc1
LIT,LIT-121,Brc1cc(CN(C2CCCCC2)C)c(c(c1)Br)N.Cl
LIT,LIT-122,CCCCCCCCc1ccc(cc1)CCC(CO)(CO)N
LIT,LIT-123,CCC(=O)N1CCN(CC1)Cc1cc(F)ccc1CN1CCC2(CC1)NC(=O)c1n2ccc1[C@H](NS(=O)(=O)c1ccccc1)C
LIT,LIT-124,Fc1cccc(c1)[C@@H](CN1CCC(CC1)NC(=O)[C@@H](C(C)C)NC(=O)c1nn(c2c1CCC2)c1cccc(c1)F)C
LIT,LIT-125,O=C(C[C@@]1(CCOc2c1cccc2)NC(=O)Nc1cccc(c1)C1(N)CC1)NC[C@H](C(C)C)NC(=O)c1csc(c1)C
LIT,LIT-126,O=C1Nc2c(cccc2[C@@H]2N1CCN(C2)C(=O)c1c(C)cccc1F)NC(=O)C(N)(C)C
LIT,LIT-127,COc1cccc(c1)[C@@H]1CC2(NS1(=O)=O)CN(C2)c1ccc(c(c1)C)C(=O)N1CCN(C(=O)C1)c1ccc(cc1)F
LIT,LIT-128,Fc1ccc(cc1)S(=O)(=O)N[C@H](c1ccccc1)C(=O)Nc1ccc(cc1)c1c(cc[nH]c1=O)CN1CCC(CC1)(F)F
LIT,LIT-129,CNCS(=O)(=O)Nc1cccc(c1)NC(=O)c1cn(c2c1cccc2)C[C@H](c1ccc(cc1)C(F)(F)F)O
LIT,LIT-130,O=C(c1ccc(cc1)[C@]1(C)NC(=O)N(C1=O)Cc1ccc(c(c1)F)C)N1CCC2(CC1)C[C@H](C(=O)N2)c1ccc(c(c1)C)O
LIT,LIT-131,Oc1ccc(cc1)[C@@H]1CC2(NC1=O)CCN(CC2)C(=O)c1ccc(cc1C)[C@]1(C)NC(=O)N(C1=O)Cc1cccc(c1)O
LIT,LIT-132,Fc1cccc(c1)c1n[nH]c2c1CN(C2=O)c1ccn2c1NC(=O)[C@@]12CCN1CCC(=O)c1ccc(s1)C
LIT,LIT-133,CN1CCC2(CC1)[C@H](NC(=O)N2C[C@H](c1cccc2c1cco2)C)c1ccc(cc1)S(=O)(=O)Nc1ccc(cc1)C
LIT,LIT-134,Fc1ccc(cc1)S(=O)(=O)N[C@H](c1ccccc1F)C(=O)Nc1ccc(cc1)c1c(cc[nH]c1=O)CN1CCCCC1
LIT,LIT-135,NCC[C@@H](c1ccc(cc1)F)C(=O)Nc1ccc(c(c1)c1ccnc(c1)C)CN1C(=O)CCC1=O
LIT,LIT-136,O=C([C@@H](N)C)Nc1cccc2c1NC(=O)C1N2CCN(C1)C(=O)c1ccc(s1)c1ccc(cc1)F
LIT,LIT-137,COCc1cccc(c1O)c1n[nH]c2c1CN(C2=O)C(=O)N[C@H](C[C@@H](c1scnc1C(C)C)N)C
LIT,LIT-138,Cc1ccc(cc1)C1=NS(=O)(=O)C2=C(N1)CC[C@]2(C)C1CCN(CC1)C[C@@H]1CCCN(C1)c1nc2c([nH]1)cccc2
LIT,LIT-139,NCCOC(=O)[C@H]1CC[C@@H]1c1nc2c([nH]1)CCN(C2)c1ccc(cc1NS(=O)(=O)c1ccc(nc1)C)C(F)(F)F
LIT,LIT-140,Oc1cccc(c1)NC(=O)c1ccc(c2c1[nH]c(c2)[C@@H](N1CCC2(CC1)NC(=O)c1c(O2)cccc1)C(=O)N)O
LIT,LIT-141,COc1ccsc1C(=O)CCN1CC[C@@H]2[C@@H](C1=O)c1[nH]nc(c1C2)c1cc(O)cc(c1)F
LIT,LIT-142,O=C(C(C)C)NC1CCN(CC1)[C@@]1(CC[C@H]1C[C@H]1Nc2ccccc2S(=O)(=O)N1C)Cc1cc(F)ccc1O
LIT,LIT-143,CCS(=O)(=O)Nc1ccc2c(c1)NC(=O)[C@@]1(C2)CN(C[C@H](c2cc(C)cc(c2)O)O)C(=O)c2c1cccc2
LIT,LIT-144,COc1cc(F)cc(c1)c1n[nH]c2c1CC(C)(C)N(C2=O)C(=O)NCCCC(=O)c1cnc(s1)C
LIT,LIT-145,Fc1ccc(cc1)CCC[C@@H]1OC2=C(C(=O)N)N(CN2C1=O)C(=O)c1cc2c(s1)cccc2
LIT,LIT-146,CCC(=O)Nc1ccc(cc1)n1c(C)nc2c1C(=O)N[C@H](N2C)C1=COC[C@H](C1)c1cccc(c1)F
LIT,LIT-147,OC[C@@H](S(=O)(=O)NCC1CCC(CC1)c1[nH]c(c(n1)c1cccc(c1C)O)C)c1cccnc1
LIT,LIT-148,Oc1ccc(c(c1)NC(=O)c1cc(C)cc2c1[nH]c(c2)C(=O)N1CC[C@]2(C1)NC(=O)c1c(O2)cccc1)Cl
LIT,LIT-149,COc1cc2c(n1CC(=O)OCC(=O)NC[C@@H]1[C@H](O)C[C@@H]1NC(=O)Nc1cccc(c1)F)cccc2
LIT,LIT-150,O=C([C@H]1[C@@H](Cc2c(C31CCN(CC3)C(=O)Nc1ccc(c(c1)C)F)cc([nH]2)C)C(=O)N)Oc1c[nH]ccc1=O
LIT,LIT-151,NCc1c(C)ncc2c1cc(C(=O)N[C@H](C(=O)N[C@@]1(CCCOC1)/C=C/C(=O)NCc1ccccc1O)C1CCC1)c(c2)[C@H](O)C
LIT,LIT-152,NCCc1nc2ccccc2c(c1CO)C(=O)N[C@H](C(=O)N[C@@H](c1ccc(cc1)O)/C=C/C(=O)NCc1cccc(c1)F)CC(C)C
LIT,LIT-153,NCc1cnn2c1c(CO)c(cc2C)C(=O)N[C@@H]([C@H]1CC1(C)C)C(=O)N[C@@H](c1ccc(cc1)O)/C=C/C(=O)NCc1ccccc1
LIT,LIT-154,COc1ccc(c(c1)F)S(=O)(=O)N[C@](c1ccncc1F)(C(=O)N[C@@]1(C[C@@H](C1)C(F)(F)F)C(=O)NC/C=C/C(=O)NCc1ccc(cc1)Cl)C
LIT,LIT-155,O=C(/C=C/[C@H](c1ccc(cc1)O)NC(=O)C1(NC(=O)c2cc3c(N)cn(c3cc2C)C)CC(C1)(C)C)NCc1cccc(c1)F
LIT,LIT-156,O=C(NCc1ccccc1)/C=C/[C@H]([C@H]1CCOC1)NC(=O)C1(CC1)NC(=O)c1cc2CNCCc2cc1C
LIT,LIT-157,C[C@@H]1C[C@@](C1)(NC(=O)c1cn2c(N)ncc2cc1C)C(=O)N[C@@H](c1ccnnc1)/C=C/C(=O)NCc1ccc(cc1)O
LIT,LIT-158,O=C(NC1(CCOCC1)C(=O)N[C@@H](c1ccncn1)/C=C/C(=O)OCc1ccccc1)NCc1ccc2c(c1)OCCN2
LIT,LIT-159,C[C@@H](Cc1cn[nH]c1C)NC(=O)NC1(CCCCC1)C(=O)N[C@H](c1c[nH]cc1)/C=C/C(=O)Oc1ccccc1
LIT,LIT-160,CC1CCN(CC1)C(=O)c1ccc(cc1)NC(=O)CNC(=O)c1csc(n1)NC(=O)C1(CCC1)c1cccnc1
LIT,LIT-161,O=C(Nc1ccc(cc1)F)Nc1cc(C)c(c(c1)F)c1nc(cnc1OCC1CC1)OCC1(O)CCN(CC1)C1CCC1
LIT,LIT-162,COc1cccc(c1)[C@](NC(=O)N[C@H]1C[C@H](c2c1c(cc(c2)F)C(=O)Cc1ccccc1OC)O)(CO)C
LIT,LIT-163,COc1cc(OCC(=O)N)cc(c1)[C@@H](c1ccc(c(c1)C)OC)NC(=O)[C@@H](C(F)(F)F)C(=O)NCC(=O)O
LIT,LIT-164,OC[C@H](C[C@H](C(=O)Nc1ccc(c(c1)F)O)NC(=O)Cc1noc(n1)c1ccc(cc1)C(=O)NCC(C)C)C
LIT,LIT-165,Fc1cc(cc(c1)S(=O)(=O)[C@@H]1CC[C@@H]([C@H]1C)N)c1[nH]c(=O)c2n(c1)ccc2Cc1cccc2c1nc([nH]2)C
LIT,LIT-166,OCC1(CCN(CC1)Cc1noc(n1)c1cc(ccc1C)C(=O)N1CCOCC1)CCc1ccc(c(c1)F)O
LIT,LIT-167,O=C(c1cc(O)c(c(c1)F)O)N[C@@H]1CCC[C@@]2(C1)CC[C@H](S(=O)(=O)N2)N1CCN(CC1)c1ccccc1Cl
LIT,LIT-168,CCC(=O)N[C@@H](C(=O)Nc1cc(ccc1C)C1=NNS(=O)(=O)C2=C1CCC(=O)N2c1ccc(cc1)F)Cc1ccc(cc1F)C
LIT,LIT-169,OC[C@@H]1CC[C@H](CC1)N(C(=O)c1nn(c(c1)C)C(=O)CC)c1nc2c(s1)c(ccc2)C(OC)(F)F
LIT,LIT-170,CCC(=O)Nc1ccc(cc1)C(=O)N[C@@]1(CC[C@@H](CC1)O)C(=O)Nc1ccc(cc1)C(=O)NCc1ccc(cn1)F
LIT,LIT-171,CCC(=O)N1C[C@H]([C@](C1)(O)C(=O)Nc1ccc(cc1)c1nnc(o1)C)C(=O)Nc1ccc(cc1)NC
LIT,LIT-172,OCCN1CCN(CC1)c1ccccc1NC(=O)c1ccc(cc1)NC(=O)C(NCc1[nH]c2c(c1)cc(cc2)F)(C)C
LIT,LIT-173,CC[C@@H](c1ccc(cc1)Cl)CC(=O)N(c1sc2c(n1)c(OC)ccc2O)CCN1CC[C@@]21C[C@H]2N
LIT,LIT-174,O=C(NCC1(N)CC1)NCc1c(C)cc(cc1F)C(=O)N[C@H](c1c(Cl)cccc1C(F)(F)F)[C@@H]1CCCO1
LIT,LIT-175,CC(CNC(=O)[C@H](N1C(=O)N[C@@](c2c1cc(cc2)C(=O)N1CCCC1)(Cc1ccc(cc1)F)C(=O)NCC1(O)CCC(CC1)(F)F)c1ccc(cc1)O)C
LIT,LIT-176,O=C(Nc1ccc(c2c1CCC2)NC(=O)C(C(=O)N1CCC[C@H]1C(=O)c1ccc(cc1Cl)O)(C)C)Nc1ccc(cc1)F
LIT,LIT-177,CNc1ccc(c(c1)OC[C@H]([C@@H]1C[C@H](C1)CC(=O)n1nnc2c1ccc(c2OC(c1ccc(cc1)OC)(F)F)O)O)F
LIT,LIT-178,CCOC(=O)c1noc(n1)[C@H](c1cc(O)ccc1OC1(CCCC1)C1CC1)N[C@@H](CCc1ncc([nH]1)C)C
LIT,LIT-179,C[C@@H](CCc1cc(O)cc(c1Cl)c1nc(=O)n(c2c1C(=O)N([C@H]2N(Cc1ccccc1F)C)C)C)N
LIT,LIT-180,Oc1cc(CC[C@@](CCc2ccc(c(c2)F)O)(N)C)c(c(c1)c1ncc(=O)n2c1C(=O)C[C@@]12COCCO1)C
LIT,LIT-181,NCCNS(=O)(=O)c1ccc2c(c1)CN(C[C@]2(C)C(=O)c1cnc2n1ccc(c2)O)Cc1ccc(s1)C
LIT,LIT-182,CCNC(=O)c1ccc(c(c1)NC(=O)c1ccc(cc1)[C@](c1ccc(cc1F)O[C@@H](C(=O)N[C@H]1CCS(=O)(=O)C1)CC)(O)C)C
LIT,LIT-183,NC(=O)Nc1ccc(cc1)[C@@H](c1c(nc2c(c1CN1CCCC1)cccc2)C(=O)N1CC[C@H]([C@@](C1)(C)O)Cc1ccc(cc1)F)O
LIT,LIT-184,O[C@H]1CC[C@@H](C1)N[C@H](C1(CCN(CC1)C)Cc1onc(c1)c1ccc(cc1F)F)C(=O)Nc1cc(n(c1)C)O
LIT,LIT-185,COc1ccc(cc1C[C@]1(COCC1)CNC(=O)c1scc(n1)C(=O)OCCNc1ccc(nc1)C)O
LIT,LIT-186,Fc1ccc2c(c1)NC(=O)[C@H]2CC(=O)N1CCC(CC1)(O)c1ccc2c(c1)nc([nH]2)c1ccc(cc1O)F
LIT,LIT-187,O[C@@H]1CC[C@H](CC1)NC(=O)[C@@H](S(=O)(=O)c1ccc(c(c1)C)NC(=O)NCc1ccc(cc1)C(F)(F)F)C
LIT,LIT-188,COc1cc(O)ccc1CNC(=O)c1cc(ccc1NC(=O)CC1CC1)N1C(=O)N[C@@](C1=O)(C)c1ccc(cc1)F
LIT,LIT-189,CN1CCC(=CC1)Cc1ccncc1S(=O)(=O)c1ncccc1O[C@@H]1CCN(C1)[C@@H](C(=O)Nc1ccc(c(c1)F)C1(C)CCOCC1)C
LIT,LIT-190,OCc1nsc(c1C(=O)N[C@H]1COCC1)N[C@H]1CCCC[C@H]1C(=O)Nc1c(C)sc2c1cccc2
LIT,LIT-191,COCC(=O)N[C@@]1(CC[C@H](C1)O)C(=O)Nc1ccc(cc1OC)CNc1cc([nH]c1C)c1ccc(cc1)F
LIT,LIT-192,NC[C@H]1CCN(C1)C(=O)c1cc(ccc1NC(=O)N1CCCC1)C(=O)NCc1ccc(cc1)C(F)(F)F
LIT,LIT-193,CNCc1cccn1c1ccc(c(c1)F)NC(=O)[C@@H]1C[C@@H](CN1c1cccc(c1)NC(=O)Nc1ccc2c(c1)OCCO2)O
LIT,LIT-194,CNc1cc(n2c1cncc2)NC(=O)[C@@H](C1(CCN(CC1)C(=O)C)Cc1onc(c1)c1ccc(cc1F)F)N[C@H]1CC[C@@H](C1)O
LIT,LIT-195,Fc1cc2c(c(c1)c1cncc(c1C)CCC1(N)COC1)C(=O)NC12CCCCC1
LIT,LIT-196,COc1ccc(cc1)[C@H]1C[C@]1(N)CCc1cc(O)cc(c1C)c1nc2N(C)C(=O)C[C@@H](c2c(=O)[nH]1)C(F)(F)F
LIT,LIT-197,CNC(=O)[C@@H](c1cncc(c1)C1(N)CC1)N[C@@H]([C@@H]1Cc2c(C1)cccc2NC(=O)N1CC(C1)O)C
LIT,LIT-198,O[C@H]1[C@H](CC21C[C@H](C2)CC(=O)n1cnc2c1cccc2C#Cc1ccncc1)C(=O)N(C1CC1)C
LIT,LIT-199,O=C(C1CCC1)N[C@@H]1CCC[C@@]2(C1)C[C@@H](S(=O)(=O)N2)N1CCN(CC1)c1cccnc1
LIT,LIT-200,Fc1cc(cc(c1)c1ccc(cc1C)F)C(=O)Nc1cccc(c1)NC(=O)C1(N)CC1
LIT,LIT-201,COc1cc(F)ccc1[C@H](C(=O)NCC(=O)N1CC[C@H](C1)c1ccc2c(c1)nc([nH]2)c1ccc(cc1C)F)CNC(C)C
LIT,LIT-202,NCc1ccc(cc1)N[C@@H]1NC(=O)N(C21CCC2)C[C@H]([C@H](Cc1ccc(cc1)F)NC(=O)C1CC1)O
LIT,LIT-203,COc1cc(O)ccc1NC(=O)N(CC(=O)N(C1(C)CC1)Cc1nccc(c1)C)CCN1CCOCC1
LIT,LIT-204,CN1CCC(CC1)c1nccc(c1C(=O)CCCc1ccc2c(c1)S(=O)(=O)CCN2C(=O)Cc1ccc(cc1)O)c1ccc(cc1)F
LIT,LIT-205,OCC(c1cccc2c1CN(CC12CN(C1)C)C(=O)N[C@@H]([C@H]1CCOC1)CCC1(N)CC1)c1[nH]c2c(n1)ccc(c2)F
LIT,LIT-206,NCC(=O)c1c(F)cccc1N(C(=O)Nc1ccc2c(c1)[C@H](CC2)C(=O)c1ccc2c(c1)CCN2)C
LIT,LIT-207,O=C(Nc1c(O)ccc(c1C)O)Nc1ccc2c(c1)[C@H](OC2)C(=O)c1c(cncc1C1CCNCC1)Nc1ccc(cc1F)F
LIT,LIT-208,CCC(=O)N[C@H]([C@@H](C[C@H]1CCC2=C1S(=O)(=O)N=C(N2)c1cccc(c1)Cc1cc(F)c(c(c1)F)N1CCN(CC1)C)O)Cc1ccc(cc1)F
LIT,LIT-209,C[C@@H](Cc1cccc(c1)F)NC[C@@H]1COCC[C@@]21NC(=O)N(C2=O)c1ccc(cc1Cl)CNC(=O)C1CC1
LIT,LIT-210,CCS(=O)(=O)N1CCc2c1ccc1c2[C@H](CC1)C(=O)c1c(cncc1c1cccc(c1C)F)C1CCN(CC1)C
LIT,LIT-211,N[C@@H](Cc1ccc([nH]1)C)CCNC1=CC=C(S(=O)(=O)N1C)c1cc(NC(=O)C2CC2)c(cc1Cl)C
LIT,LIT-212,CC(C[C@@H]1NC(=O)[C@H](CCOCc2n(C[C@H](NC1=O)/C=C/C(=O)OCc1ccccc1)c(=O)[nH]c2)NC(=O)[C@H](C(F)(F)F)N)C
LIT,LIT-213,O=C(/C=C/[C@@H]1CN2C[C@H](CCC[C@@H](C(=O)N[C@H](C(=O)N1)CC(C)C)NC(=O)[C@@H](Nc1ccccc1)C)CNC2=O)OCc1ccccc1
LIT,LIT-214,O=C([C@H](C(F)(F)F)Nc1ccccc1)N[C@H]1CCC[C@@H]2CNC(=O)N(C2)C[C@H](NC(=O)[C@@H](NC1=O)CC(F)(C)C)/C=C/C(=O)c1cnn[nH]1
LIT,LIT-215,CC[C@@H](Nc1nc(nc2c1C(=O)C(=C)C[C@]1(O2)CCNC1=O)c1ccc([nH]1)[C@@H](NC(=O)c1nccs1)CC)C
LIT,LIT-216,CC(CNc1nc(nc2c1C(=O)C(=C)C(=O)[C@]1(O2)CCNC1=O)C(=O)NC[C@H](C(F)(F)F)O)C
LIT,LIT-217,CC(CNc1nc(nc2c1C(=O)C(=C)C(=O)[C@]1(O2)CCNC1=O)n1c(C)cc2c1cccc2)C
LIT,LIT-218,NCC(=O)N[C@@]12CCN(C1)CCC/C=C/C[C@H](NC(=O)[C@@H](NC2=O)CC(C)C)/C=C/C(=O)OCc1ccccc1
LIT,LIT-219,CN[C@@H]1C(=O)N[C@@H](CC(C)C)C(=O)N[C@H](C/C=C\CC[C@H]2[C@@H]1C2)/C=C/C(=O)OCc1ccccc1
LIT,LIT-220,OC1C(OC2OC(C(=O)O)C(C(C2O)O)O)C(OC(C1O)C(=O)O)OC1CCC2(C(C1(C)C)CCC1(C2C(=O)C=C2C1(C)CCC1(C2CC(C)(CC1)C(=O)O)C)C)C
LIT,LIT-221,OCC1OC(C(C1O)O)n1cnc(n1)C(=O)N
LIT,LIT-222,O=C(NC(C(CC(Cc1ccccc1)NC(=O)C(N1CCCNC1=O)C(C)C)O)Cc1ccccc1)COc1c(C)cccc1C
LIT,LIT-223,CC(C12CC3CC(C2)CC(C1)C3)N
LIT,LIT-224,OC(=O)C1OC(Oc2cc3oc(cc(=O)c3c(c2O)O)c2ccccc2)C(C(C1O)O)O
LIT,LIT-225,CC1COC2=C1C(=O)C(=O)c1c2ccc2c1cccc2C
LIT,LIT-226,OCC1OC(C(C1O)O)n1cnc(n1)C(=O)N
LIT,LIT-227,O=C(NC(C(CC(Cc1ccccc1)NC(=O)C(N1CCCNC1=O)C(C)C)O)Cc1ccccc1)COc1c(C)cccc1C
LIT,LIT-228,OCC1OC(C(C1O)O)n1cnc(n1)C(=O)N
LIT,LIT-229,O=C(NC(C(CC(Cc1ccccc1)NC(=O)C(N1CCCNC1=O)C(C)C)O)Cc1ccccc1)COc1c(C)cccc1C
LIT,LIT-230,O=C(NC(C(CC(Cc1ccccc1)NC(=O)C(C(C)C)NC(=O)N(Cc1csc(n1)C(C)C)C)O)Cc1ccccc1)OCc1cncs1
LIT,LIT-231,OCC(=O)C1(O)CCC2C1(C)CC(O)C1C2CCC2=CC(=O)CCC12C
LIT,LIT-232,OCC(=O)C1(O)CCC2C1(C)CC(O)C1C2CC(C2=CC(=O)C=CC12C)C
LIT,LIT-233,CC(=O)Oc1ccccc1C(=O)Nc1ncc(s1)[N+](=O)[O-]
LIT,LIT-234,CN(CCCN1c2ccccc2Sc2c1cc(Cl)cc2)C
LIT,LIT-235,OCC12C(O)CC(CC2(O)CCC2C1C(O)CC1(C2(O)CCC1C1=CC(=O)OC1)C)OC1OC(C)C(C(C1O)O)O
LIT,LIT-236,OC1CCC2(C(C1)CCC1C2CCC2(C1(O)CCC2c1ccc(=O)oc1)C)C
LIT,LIT-237,CCN(CCCC(Nc1ccnc2c1ccc(c2)Cl)C)CC
LIT,LIT-238,CS(=O)(=O)O.CN(C(=O)COC(=O)Cc1ccc(cc1)OC(=O)c1ccc(cc1)N=C(N)N)C
LIT,LIT-239,CC(=O)Nc1cccc(c1)n1c(=O)n(C2CC2)c(=O)c2c1c(C)c(=O)n(c2Nc1ccc(cc1F)I)C
LIT,LIT-240,OCCONC(=O)c1cc2n(C)cnc2c(c1Nc1ccc(cc1Cl)Br)F
LIT,LIT-241,OCCOC1CCC(CC1OC)CC(C1OC(=O)C2CCCCN2C(=O)C(=O)C2(O)OC(CCC2C)CC(OC)C(=CC=CC=CC(CC(C(=O)C(C(C(=CC(C(=O)C1)C)C)O)OC)C)C)C)C
LIT,LIT-242,COC1CC(CCC1O)CC(C1OC(=O)C2CCCCN2C(=O)C(=O)C2(O)OC(CCC2C)CC(OC)C(=CC=CC=CC(CC(C(=O)C(C(C(=CC(C(=O)C1)C)C)O)OC)C)C)C)C
LIT,LIT-243,OCCN1CCN(CC1)c1cc(nc(n1)C)Nc1ncc(s1)C(=O)Nc1c(C)cccc1Cl
LIT,LIT-244,CN1CCN(CC1)Cc1ccc(cc1)C(=O)Nc1ccc(c(c1)Nc1nccc(n1)c1cccnc1)C
LIT,LIT-245,OCC1OC(C(C1O)O)n1cnc(n1)C(=O)N
LIT,LIT-246,OCC(OCn1cnc2c1nc(N)[nH]c2=O)COC(=O)C(C(C)C)N
LIT,LIT-247,OCC1OC(CC1O)n1cc(C)c(=O)[nH]c1=O
LIT,LIT-248,COC(=O)C(NC(=O)C(CC(=O)O)N)Cc1ccccc1
LIT,LIT-249,C=CCOc1ccccc1OCC(CNC(C)C)O
LIT,LIT-250,CN(C1C(=O)C(=C(C2(C1C(O)C1C(C)c3cccc(c3C(=C1C2=O)O)O)O)O)C(=O)N)C
LIT,LIT-251,OCCN1CCN(CC1)CCCN1c2ccccc2Sc2c1cc(cc2)C(=O)C
LIT,LIT-252,COCC(=O)Nc1c(I)c(C(=O)NCC(CO)O)c(c(c1I)C(=O)N(CC(CO)O)C)I
LIT,LIT-253,OCC(C(C(Cn1c2-c(nc3c1cc(C)c(c3)C)c(=O)[nH]c(=O)n2)O)O)O
LIT,LIT-254,Oc1cc(O)cc(c1)C(CNCCCn1cnc2c1c(=O)n(C)c(=O)n2C)O
LIT,LIT-255,OCC1OC2C(C1O)Oc1n2ccc(=N)n1
LIT,LIT-256,OCC(C(c1ccc(cc1)[N+](=O)[O-])O)NC(=O)C(Cl)Cl
LIT,LIT-257,OC(COC(=O)N)COc1ccc(cc1)Cl
LIT,LIT-258,OCC(CN1CCN(CC1)c1ccccc1)O
LIT,LIT-259,OC(C(=O)NC1C(=O)N2C1SCC(=C2C(=O)O)CSc1nnnn1C)c1ccccc1
LIT,LIT-260,OCC1OC(CC1O)n1cc(F)c(=O)[nH]c1=O
LIT,LIT-261,O=C(Nc1cc(N(C)C)c2c(c1O)C(=C1C(C2)CC2C(C1=O)(O)C(=C(C(=O)C2N(C)C)C(=O)N)O)O)CNC(C)(C)C
LIT,LIT-262,OC(=O)CCC(C(=O)O)NC(=O)c1ccc(cc1)CCc1c[nH]c2c1c(=O)[nH]c(n2)N
LIT,LIT-263,OCC(C1OC(=O)C(=C1O)O)O
LIT,LIT-264,SCC(C(=O)NCC(=O)O)NC(=O)CCC(C(=O)O)N
LIT,LIT-265,COc1ccc(cc1O)C1CC(=O)c2c(O1)cc(cc2O)O
LIT,LIT-266,C[S+](CC1OC(C(C1O)O)n1cnc2c1ncnc2N)CCC(C(=O)[O-])N
LIT,LIT-267,CC(C(Cc1ccc(c(c1)O)O)C)Cc1ccc(c(c1)O)O
LIT,LIT-268,CC(=CC=CC(=CC(=O)O)C)C=CC1=C(C)CCCC1(C)C
LIT,LIT-269,O=C1CN(C(=O)N1)N=Cc1ccc(o1)c1ccc(cc1)[N+](=O)[O-]
LIT,LIT-270,OC(=O)c1cc(N=Nc2ccc(cc2)S(=O)(=O)Nc2ccccn2)ccc1O
LIT,LIT-271,OCC1Oc2ccc(cc2OC1c1ccc(c(c1)OC)O)C1Oc2cc(O)cc(c2C(=O)C1O)O
LIT,LIT-272,COC(=O)C1=C(C)NC(=C(C1c1cccc(c1)[N+](=O)[O-])C(=O)OCCN(Cc1ccccc1)C)C
LIT,LIT-273,CCCc1nn(c2c1nc([nH]c2=O)c1cc(ccc1OCC)S(=O)(=O)N1CCN(CC1)C)C
LIT,LIT-274,OCC1(CO)C(OC2OC(CO)C(C(C2O)O)O)C(O)CC2(C1CCC1(C2CC=C2C1(C)CC(O)C1(C2CC(CC1)(C)C)C(=O)OC1OCC(C(C1OC1OC(C)C(C(C1O)O)OC1OCC(C(C1O)OC1OCC(C1O)(O)CO)O)O)O)C)C
LIT,LIT-275,Oc1cc(O)c2c(c1)oc(cc2=O)c1ccccc1
LIT,LIT-276,OCC1OC(Oc2cc3OC(CC(=O)c3c(c2)O)c2ccc(c(c2)O)OC)C(C(C1O)O)OC1OC(C)C(C(C1O)O)O
LIT,LIT-277,OC(=O)C1OC(Oc2cc3oc(cc(=O)c3c(c2O)O)c2ccccc2)C(C(C1O)O)O
LIT,LIT-278,O=C1OCC23C1c1ccccc1N3C(=O)c1c(N2)cccc1
LIT,LIT-279,O=C1OCC23C1c1ccccc1N3C(=O)c1c(N2)cccc1
LIT,LIT-280,Oc1cc(C=Cc2ccc(c(c2)O)O)cc(c1)O
LIT,LIT-281,O=C(OC(C(=O)O)Cc1ccc(c(c1)O)O)C=Cc1ccc(c(c1)O)O
LIT,LIT-282,C=CCc1ccc(c(c1)c1cc(CC=C)ccc1O)O
LIT,LIT-283,NC(C(=O)O)CCCCNCNC(=O)C1=C(O)C2(C(C(C1=O)N(C)C)CC1C(=C(O)c3c(C1(C)O)cccc3O)C2=O)O
LIT,LIT-284,NC(=NCCCCCCN=C(N=C(Nc1ccc(cc1)Cl)N)N)N=C(Nc1ccc(cc1)Cl)N
LIT,LIT-285,COc1cc2nc(nc(c2cc1OC)N)N(CCCNC(=O)C1CCCO1)C
LIT,LIT-286,OC(=O)C(CSCCCCC=C(C(=O)O)NC(=O)C1CC1(C)C)N
LIT,LIT-287,NC(=Nc1scc(n1)CSCCC(=NS(=O)(=O)N)N)N
LIT,LIT-288,C=CCNc1nc(nc(n1)NCC=C)N1CCN(CC1)C(c1ccc(cc1)F)c1ccc(cc1)F
LIT,LIT-289,NC(=O)CCCN=C(c1cc(F)ccc1O)c1ccc(cc1)Cl
LIT,LIT-290,NC(=O)Cc1cccc(c1N)C(=O)c1ccccc1
LIT,LIT-291,COc1ccccc1OCCNCC(COc1cccc2c1c1ccccc1[nH]2)O
LIT,LIT-292,CC(CN(S(=O)(=O)c1ccc(cc1)N)CC(C(Cc1ccccc1)NC(=O)OC1CCOC1)O)C
LIT,LIT-293,O=C(Nc1cc(N(C)C)c2c(c1O)C(=C1C(C2)CC2C(C1=O)(O)C(=C(C(=O)C2N(C)C)C(=O)N)O)O)CNC(C)(C)C
LIT,LIT-294,CN(C1C(=O)C(=C(C2(C1CC1C(=C(O)c3c(C1O)c(Cl)ccc3O)C2=O)O)O)C(=O)N)C
LIT,LIT-295,OC(=O)CC1(CSC(c2cccc(c2)C=Cc2ccc3c(n2)cc(cc3)Cl)CCc2ccccc2C(O)(C)C)CC1
LIT,LIT-296,OCC1OC(C(C(C1O)O)O)c1c(O)c2c(c(c1O)O)C(=O)c1c(C2=O)c(C)c(c(c1)O)C(=O)O
LIT,LIT-297,OC(=O)C(Cn1ccc(=O)c(c1)O)N
LIT,LIT-298,O=c1[nH]c(=O)c2c(n1)n(CC(C(C(COP(=O)(O)O)O)O)O)c1c(n2)cc(c(c1)C)C
LIT,LIT-299,CC(=CC=CC=C(C=CC=C(C=CC1=C(C)CC(CC1(C)C)O)C)C)C=CC=C(C=CC1C(=CC(CC1(C)C)O)C)C
LIT,LIT-300,Oc1ccc(cc1)C(C(=O)NC1C(=O)N2C1SCC(=C2C(=O)O)CSc1nnnn1C)NC(=O)c1c[nH]c(cc1=O)C
LIT,LIT-301,CC(C(=O)NC1C(=O)N2C1SC(C2C(=O)O)(C)C)Oc1ccccc1
LIT,LIT-302,COCCOCC(C(=O)Oc1ccc2c(c1)CCC2)CC1(CCCC1)C(=O)NC1CCC(CC1)C(=O)O
LIT,LIT-303,COC(=O)C1=C(C)NC(=C(C1c1cccc(c1)[N+](=O)[O-])C(=O)OCCN(Cc1ccccc1)C)C
LIT,LIT-304,CCCCC(=O)OC1CCC2C1(C)CCC1C2CCc2c1ccc(c2)O
LIT,LIT-305,CCc1ccc(nc1)CCOc1ccc(cc1)CC1SC(=O)NC1=O
LIT,LIT-306,Cc1[nH]c2c(-c3ccccc3N(CC2)C(=O)c2ccc(cc2)NC(=O)c2ccccc2c2ccccc2)n1
LIT,LIT-307,CCCc1nc2c(n1Cc1ccc(cc1)c1ccccc1C(=O)O)cc(cc2C)c1nc2c(n1C)cccc2
LIT,LIT-308,CN(C1C(=O)C(=C(C2(C1C(O)C1C(C)c3cccc(c3C(=C1C2=O)O)O)O)O)C(=O)N)C
LIT,LIT-309,CN(C1C(=O)C(=C(C2(C1C(O)C1C(=C(O)c3c(C1(C)O)cccc3O)C2=O)O)O)C(=O)N)C
LIT,LIT-310,OCC(OCn1cnc2c1nc(N)[nH]c2=O)COC(=O)C(C(C)C)N
LIT,LIT-311,NC(=NCCCCCCN=C(N=C(Nc1ccc(cc1)Cl)N)N)N=C(Nc1ccc(cc1)Cl)N
LIT,LIT-312,OC(=O)CC=C(C(=O)NC1C(=O)N2C1SCC=C2C(=O)O)c1csc(n1)N
LIT,LIT-313,CC(Cc1ccc(cc1)O)NCC(c1cc(O)cc(c1)O)O
LIT,LIT-314,OCC1OC(C(C1O)O)n1cnc2c1nc(F)nc2N
LIT,LIT-315,CCC(n1ncn(c1=O)c1ccc(cc1)N1CCN(CC1)c1ccc(cc1)OCC1COC(O1)(Cn1cncn1)c1ccc(cc1Cl)Cl)C
LIT,LIT-316,CON=C(C(=O)NC1C(=O)N2C1SCC(=C2C(=O)O)COC(=O)N)c1ccco1
LIT,LIT-317,Clc1ccc(cc1)C1CCC(CC1)C1=C(O)c2c(C(=O)C1=O)cccc2
LIT,LIT-318,OC1CCC2(C(C1)CC(C1C2CCC2(C1CCC2C(CCC(=O)O)C)C)O)C
LIT,LIT-319,OC(COc1cccc2c1c(=O)cc(o2)C(=O)O)COc1cccc2c1c(=O)cc(o2)C(=O)O
LIT,LIT-320,CC(=O)OC1CC2CCC3C(C2(CC1[N+]1(C)CCCCC1)C)CCC1(C3CC(C1OC(=O)C)[N+]1(C)CCCCC1)C.[Br-].[Br-]
LIT,LIT-321,OCC(=O)C1(O)CCC2C1(C)CC(=O)C1C2CCC2=CC(=O)CCC12C
LIT,LIT-322,C#CC1(O)CCC2C1(C)CCC1C2C(C)CC2=C1CCC(=O)C2
LIT,LIT-323,COC1C(OC(=O)N)C(O)C(OC1(C)C)Oc1ccc2c(c1C)oc(=O)c(c2O)NC(=O)c1ccc(c(c1)CC=C(C)C)O
LIT,LIT-324,OCC1Oc2ccc(cc2OC1c1ccc(c(c1)OC)O)C1Oc2cc(O)cc(c2C(=O)C1O)O
LIT,LIT-325,OC1C(N)CC(OC1C)OC1CC(O)(Cc2c1c(O)c1c(c2O)C(=O)c2c(C1=O)cccc2)C(=O)C
LIT,LIT-326,CC(CC1C(=O)N2CCCC2C2(N1C(=O)C(O2)(NC(=O)C1CN(C)C2C(=C1)c1cccc3c1c(C2)c([nH]3)Br)C(C)C)O)C
LIT,LIT-327,CCOC(=O)C1(CCN(CC1)CCC(c1ccccc1)(c1ccccc1)C#N)c1ccccc1
LIT,LIT-328,O=C(NC(C1NC(C(S1)(C)C)C(=O)O)C(=O)NCCCCCC(=O)O)Cc1ccccc1
LIT,LIT-329,CCCCCCOC(=O)N=C(c1ccc(cc1)NCc1nc2c(n1C)ccc(c2)C(=O)N(c1ccccn1)CCC(=O)OCC)N
LIT,LIT-330,O=CC12CCC(C2C2C(CC1)(C)C1(C)CCC3C(C1CC2)(C)CCC(=O)C3(C)C)C(=C)C
LIT,LIT-331,OCC1OC(OCC2(C)C(O)CCC3(C2CCC(=C)C3CC=C2C(O)COC2=O)C)C(C(C1O)O)O
LIT,LIT-332,OC1CCC2(C(C1)(O)C(O)C=C1C2CCC2(C1CCC2C(C=CC(C(C)C)C)C)C)C
LIT,LIT-333,COc1ccc(cc1O)C1CC(=O)c2c(O1)cc(cc2O)OC1OC(COC2OC(C)C(C(C2O)O)O)C(C(C1O)O)O
LIT,LIT-334,OCC1OC(Oc2cc3OC(CC(=O)c3c(c2)O)c2ccc(c(c2)O)OC)C(C(C1O)O)OC1OC(C)C(C(C1O)O)O
LIT,LIT-335,OCC1(C)CCCC2(C1CCC(=C)C2CCC1=CCOC1=O)C
LIT,LIT-336,OCC1OC(Oc2cc(O)c3c(c2)oc(cc3=O)c2ccc(cc2)O)C(C(C1O)O)O
LIT,LIT-337,Oc1ccc(cc1)c1oc2cc(O)cc(c2c(=O)c1OC1OC(COC2OC(C)C(C(C2O)O)O)C(C(C1O)O)O)O
LIT,LIT-338,OCC12OC1C1C3OC4(OC1(C1C(C2O)(O)C(=O)C(=C1)C)C(C(C3(O4)C(=C)C)OC(=O)C=Cc1ccccc1)C)c1ccccc1
LIT,LIT-339,O=C(OC(C(=O)O)Cc1ccc(c(c1)O)O)C=Cc1ccc(c(c1)O)O
LIT,LIT-340,OC1CCC2(C(C1(C)C)CCC1(C2CC=C2C1(C)CCC1(C2CC(C)(C)CC1)C(=O)O)C)C
LIT,LIT-341,CCC(C(C)C)CCC(C1CCC2C1(C)CCC1C2CC=C2C1(C)CCC(C2)O)C
LIT,LIT-342,COc1cc(ccc1O)CC1COC(C1(O)CO)c1ccc(c(c1)OC)O
LIT,LIT-343,O=CC12CCC(C2C2C(CC1)(C)C1(C)CCC3C(C1CC2)(C)CCC(=O)C3(C)C)C(=C)C
LIT,LIT-344,OCC12OC1C1C3OC4(OC1(C1C(C2O)(O)C(=O)C(=C1)C)C(C(C3(O4)C(=C)C)OC(=O)C=Cc1ccccc1)C)c1ccccc1
LIT,LIT-345,CCCC=CC=CC=CC(=O)OC1C(C)C23OC4(OC1(C(=C)C)C(C2C1OC1(C(C1(C3C=C(C1=O)C)O)O)CO)O4)c1ccccc1
LIT,LIT-346,Oc1cc2OC(C(Cc2c(c1)O)OC(=O)c1cc(O)c(c(c1)O)O)c1cc(O)c(=O)c2c(c1)c(cc(c2O)O)C1Oc2cc(O)cc(c2CC1OC(=O)c1cc(O)c(c(c1)O)O)O
LIT,LIT-347,OCC1OC(OC(=O)C2CC(O)C3(C(C2)OC2(C3=O)OCC(C(C2)OC(=O)c2ccccc2)C)O)C(C(C1O)O)OC1OC(CO)C(C(C1O)O)O
LIT,LIT-348,OCC1OC(OCC2(C)C(O)CCC3(C2CCC(=C)C3CC=C2C(O)COC2=O)C)C(C(C1O)O)O
LIT,LIT-349,OC(=O)C1OC(Oc2cc3oc(cc(=O)c3c(c2O)O)c2ccccc2)C(C(C1O)O)O
LIT,LIT-350,COc1cc(O)c2c(c1)oc1c(c2=O)cc(cc1)O
LIT,LIT-351,Nc1nc(=O)n(cc1F)C1CSC(O1)CO
LIT,LIT-352,CC(Cn1cnc2c1ncnc2N)OCP(=O)(O)O
LIT,LIT-353,FC(C1(C#CC2CC2)OC(=O)Nc2c1cc(Cl)cc2)(F)F
LIT,LIT-354,O=C1Nc2c(C)ccnc2N(c2c1cccn2)C1CC1
LIT,LIT-355,NC(=O)CC(C(=O)NC(C(CN1CC2CCCCC2CC1C(=O)NC(C)(C)C)O)Cc1ccccc1)NC(=O)c1ccc2c(n1)cccc2
LIT,LIT-356,OC(CN1CCN(CC1C(=O)NC(C)(C)C)Cc1cccnc1)CC(C(=O)NC1C(O)Cc2c1cccc2)Cc1ccccc1
LIT,LIT-357,OC(C(NC(=O)c1cccc(c1C)O)CSc1ccccc1)CN1CC2CCCCC2CC1C(=O)NC(C)(C)C
LIT,LIT-358,COC(=O)NC(C(C)(C)C)C(=O)NN(Cc1ccc(cc1)c1ccccn1)CC(C(Cc1ccccc1)NC(=O)C(C(C)(C)C)NC(=O)OC)O
LIT,LIT-359,CCCC1(CCc2ccccc2)CC(=C(C(=O)O1)C(c1cccc(c1)NS(=O)(=O)c1ccc(cn1)C(F)(F)F)CC)O
LIT,LIT-360,OCC1C=CC(C1)n1cnc2c1nc(N)nc2NC1CC1
LIT,LIT-361,N#Cc1cc(cc(c1)Cl)Oc1c(=O)n(ccc1C(F)(F)F)Cc1n[nH]c(=O)n1C
LIT,LIT-362,N#Cc1ccc(cc1)Nc1nc(N)c(c(n1)Oc1c(C)cc(cc1C)C#N)Br
LIT,LIT-363,N#CC=Cc1cc(C)c(c(c1)C)Nc1ccnc(n1)Nc1ccc(cc1)C#N
LIT,LIT-364,Fc1ccc(c(c1)F)CNC(=O)c1cn2CC3OCCC(N3C(=O)c2c(c1=O)O)C
LIT,LIT-365,Fc1ccc(cc1)CNC(=O)c1nc(n(c(=O)c1O)C)C(NC(=O)c1nnc(o1)C)(C)C
LIT,LIT-366,OCC(CCn1cnc2c1nc(N)[nH]c2=O)CO
LIT,LIT-367,OCC1OC(C(C1O)O)n1ccc(nc1=O)N
LIT,LIT-368,OCC(Cn1ccc(nc1=O)N)OCP(=O)(O)O
LIT,LIT-369,CN(CCOCC(=O)NC12CC3CC(C2)CC(C1)C3)C
LIT,LIT-370,CC(Cn1cnc2c1c1ccccc1nc2N)C
LIT,LIT-371,COc1cc(cc(c1OC)OC)C1C2C(=O)OCC2C(c2c1cc1OCOc1c2)O
LIT,LIT-372,Nc1ncnc2c1ncn2CCOCP(=O)(O)O
LIT,LIT-373,OCC1OC(C(C1O)F)n1cc(C)c(=O)[nH]c1=O
LIT,LIT-374,OCC1OC(CC1O)n1cc(C)c(=O)[nH]c1=O
LIT,LIT-375,OCC1OC(C(C1O)O)n1cnc(n1)C(=O)N
LIT,LIT-376,O=C(NC(C)(C)C)NC(C(C)(C)C)C(=O)N1CC2C(C1C(=O)NC(C(=O)C(=O)N)CC1CCC1)C2(C)C
LIT,LIT-377,CCCC(C(=O)C(=O)NC1CC1)NC(=O)C1C2CCCC2CN1C(=O)C(C(C)(C)C)NC(=O)C(C1CCCCC1)NC(=O)c1nccnc1
LIT,LIT-378,CCOC(=O)c1c(CSc2ccccc2)n(c2c1c(CN(C)C)c(O)c(c2)Br)C
LIT,LIT-379,OCC1OC(C(C1O)O)n1cnc2c1nc[nH]c2=O
LIT,LIT-380,CC(C12CC3CC(C2)CC(C1)C3)N
LIT,LIT-381,NC12CC3CC(C2)CC(C1)C3
LIT,LIT-382,O=C(C1CCC(CC1)(F)F)NC(c1ccccc1)CCN1C2CCC1CC(C2)n1c(C)nnc1C(C)C
LIT,LIT-383,OCC(C(C1OC(=CC(C1NC(=O)C)N=C(N)N)C(=O)O)O)O
LIT,LIT-384,OCCOCn1cnc2c1nc(N)[nH]c2=O
LIT,LIT-385,OCC(OCn1cnc2c1nc(N)[nH]c2=O)CO
LIT,LIT-386,OCC(OCn1cnc2c1nc(N)[nH]c2=O)COC(=O)C(C(C)C)N
LIT,LIT-387,CC(C(C(=O)OCCOCn1cnc2c1nc(N)[nH]c2=O)N)C
LIT,LIT-388,O=C(Nc1cccc(c1)C(=O)Nc1cc(ccc1C)C(=O)Nc1ccc(c2c1c(cc(c2)S(=O)(=O)O)S(=O)(=O)O)S(=O)(=O)O)Nc1cccc(c1)C(=O)Nc1cc(ccc1C)C(=O)Nc1ccc(c2c1c(cc(c2)S(=O)(=O)O)S(=O)(=O)O)S(=O)(=O)O
LIT,LIT-389,OCC(Cn1cnc2c1ncnc2N)O
LIT,LIT-390,Br/C=C/c1cn([C@H]2C[C@@H]([C@H](O2)CO)O)c(=O)nc1O
LIT,LIT-391,Nc1[nH]c(=O)c2c(n1)n(COCCOP(=O)(OP(=O)(OP(=O)(O)O)O)O)cn2
LIT,LIT-392,OCC(Cn1cnc2c1ncnc2N)OCP(=O)(O)O
LIT,LIT-393,Cc1cn(C2OC(C=C2)CO)c(=O)[nH]c1=O
LIT,LIT-394,OCC1CCC(O1)n1cnc2c1nc[nH]c2=O
LIT,LIT-395,Nc1ccn(c(=O)n1)C1CCC(O1)CO
LIT,LIT-396,O=c1cc[nH]c(=O)[nH]1
LIT,LIT-397,CCOCn1c(=O)[nH]c(=O)c(c1Cc1ccccc1)C(C)C
LIT,LIT-398,CC(Nc1cccnc1N1CCN(CC1)C(=O)c1cc2c([nH]1)ccc(c2)NS(=O)(=O)C)C
LIT,LIT-399,N#Cc1ccc(cc1)Nc1nccc(n1)Nc1c(C)cc(cc1C)C
LIT,LIT-400,CC(=CCN1Cc2cccc3c2n(CC1C)c(=S)[nH]3)C
LIT,LIT-401,CC(=CCN1Cc2c(Cl)ccc3c2n(CC1C)c(=S)[nH]3)C
LIT,LIT-402,OCC(n1cc(C(=O)O)c(=O)c2c1cc(OC)c(c2)Cc1cccc(c1F)Cl)C(C)C
LIT,LIT-403,O=C(NC(Cc1ccccc1)CCC(Cc1ccccc1)NC(=O)C(NC(=O)N(Cc1csc(n1)C(C)C)C)CCN1CCOCC1)OCc1cncs1
LIT,LIT-404,C1CNCCN(CCCNCCNC1)Cc1ccc(cc1)CN1CCNCCCNCCNCCC1
LIT,LIT-405,Fc1cc(F)c(c(c1)F)CNC(=O)c1cn2CC3OC4CCC(N3C(=O)c2c(c1=O)O)C4
LIT,LIT-406,CCOC(=O)C(NP(=O)(NC(C(=O)OCC)C)COCCn1cnc2c1nc(N)nc2NC1CC1)C
LIT,LIT-407,CCCCCc1ccc(cc1)c1oc2c(c1)cn(c(=O)n2)C1CC(C(O1)COC(=O)C(C(C)C)N)O
LIT,LIT-408,CC(COC(=O)C(NP(=O)(NC(C(=O)OCC(C)C)Cc1ccccc1)COCCn1cnc2c1nc(N)nc2NC1CC1)Cc1ccccc1)C
LIT,LIT-409,Nc1cc(OCCOCP(=O)(O)O)nc(n1)N
LIT,LIT-410,O=C(NC(C(CC(Cc1ccccc1)NC(=O)C(C(C)C)NC(=O)N(Cc1csc(n1)C(C)C)C)O)Cc1ccccc1)OCc1cncs1
LIT,LIT-411,O=C(NC(C(CC(Cc1ccccc1)NC(=O)C(N1CCCNC1=O)C(C)C)O)Cc1ccccc1)COc1c(C)cccc1C
LIT,LIT-412,CC(CN(S(=O)(=O)c1ccc(cc1)N)CC(C(Cc1ccccc1)NC(=O)OC1COC2C1CCO2)O)C
LIT,LIT-413,Fc1c[nH]c(=O)c(n1)C(=O)N
LIT,LIT-414,CC(=O)OCC(CCn1cnc2c1nc(N)nc2)COC(=O)C
LIT,LIT-415,OC(=O)P(=O)(O)O
LIT,LIT-416,Nc1ccn(c(=O)n1)C1CSC(O1)CO
LIT,LIT-417,Nc1nc(=O)n(cc1F)C1CSC(O1)CO
LIT,LIT-418,OCC1C(O)CC(C1=C)n1cnc2c1nc(N)[nH]c2=O
LIT,LIT-419,COc1ccc2-c3c(C4CCCCC4)c4c(n3CC3(C(c2c1)C3)C(=O)N1C2CCC1CN(C2)C)cc(cc4)C(=O)NS(=O)(=O)N(C)C
LIT,LIT-420,NCCCCC(C(=O)NC(C(=O)CCl)CCCN=C(N)N)NC(=O)C(C(C)C)NC(=O)C(NC(=O)CCCCCCCCC)CCCN=C(N)N
LIT,LIT-421,OCC1OC(C(C1O)O)n1ccc(nc1=O)NO
LIT,LIT-422,OCc1cc(Cl)cc(c1)Cl
LIT,LIT-423,CCCCCc1ccc(cc1O)C
LIT,LIT-424,CCOC(=O)C1=CC(C(C(C1)N)NC(=O)C)OC(CC)CC
LIT,LIT-425,OCC1C=CC(C1)n1cnc2c1nc(N)nc2NC1CC1
LIT,LIT-426,OCCOCn1cnc2c1nc(N)[nH]c2=O
LIT,LIT-427,Nc1ncnc2c1ncn2CCOCP(=O)(O)O
LIT,LIT-428,CC=CCC(C(C1C(=O)NC(CC)C(=O)N(C)C(C)C(=O)N(CC)C(C(C)C)C(=O)NC(C(C)C)C(=O)N(C)C(CC(C)C)C(=O)NC(C(=O)NC(C(=O)N(C(C(=O)N(C(C(=O)N(C(C(=O)N1C)C(C)C)C)CC(C)C)C)CC(C)C)C)C)C)O)C
LIT,LIT-429,OCC1OCC(O1)n1cnc2c1nc(N)nc2N
LIT,LIT-430,CC(CN(S(=O)(=O)c1ccc(cc1)N)CC(C(Cc1ccccc1)NC(=O)OC1CCOC1)O)C
LIT,LIT-431,COC(=O)NC(C(C)(C)C)C(=O)NN(Cc1ccc(cc1)c1ccccn1)CC(C(Cc1ccccc1)NC(=O)C(C(C)(C)C)NC(=O)OC)O
LIT,LIT-432,[N-]=[N+]=NC1(COC(=O)C(C)C)OC(C(C1OC(=O)C(C)C)OC(=O)C(C)C)n1ccc(nc1=O)N
LIT,LIT-433,Fc1c(F)ccc2c1CSc1c(C2N2C3COCCN3C(=O)c3n2ccc(=O)c3O)cccc1
LIT,LIT-434,COc1ccc2-c3c(C4CCCCC4)c4c(n3CC3(C(c2c1)C3)C(=O)N1C2CCC1CN(C2)C)cc(cc4)C(=O)NS(=O)(=O)N(C)C
LIT,LIT-435,O=C(NC(C)(C)C)NC(C(C)(C)C)C(=O)N1CC2C(C1C(=O)NC(C(=O)C(=O)N)CC1CCC1)C2(C)C
LIT,LIT-436,CCCCCCCCCCCCCCCCOCCCOP(=O)(COC(Cn1ccc(nc1=O)N)CO)O
LIT,LIT-437,OCC1C=CC(C1)n1cnc2c1nc(N)[nH]c2=O
LIT,LIT-438,CCCC(=O)OC1CN2CCC(C2C(C1O)O)O
LIT,LIT-439,OCC(Cn1ccc(nc1=O)N)OCP(=O)(O)O
LIT,LIT-440,[N-]=[N+]=NC1CC(OC1COP(=O)(OP(=O)(OP(=O)(O)O)O)O)n1cc(C)c(=O)[nH]c1=O
LIT,LIT-441,COC(=O)NC(C(=O)N1CCCC1c1ncc([nH]1)c1ccc(cc1)c1ccc(cc1)c1cnc([nH]1)C1CCCN1C(=O)C(C(C)C)NC(=O)OC)C(C)C
LIT,LIT-442,O=C(OC(C)(C)C)NC1CCCCCC=CC2C(NC(=O)C3N(C1=O)CC(C3)OC(=O)N1Cc3c(C1)cccc3F)(C2)C(=O)NS(=O)(=O)C1CC1
LIT,LIT-443,CC(CN(S(=O)(=O)c1ccc(cc1)N)CC(C(Cc1ccccc1)NC(=O)OC1COC2C1CCO2)O)C
LIT,LIT-444,COc1c(cc(cc1C(C)(C)C)n1ccc(=O)[nH]c1=O)c1ccc2c(c1)ccc(c2)NS(=O)(=O)C
LIT,LIT-445,Fc1ccc(c(c1)F)CNC(=O)c1cn2CC3OCCC(N3C(=O)c2c(c1=O)O)C
LIT,LIT-446,COC(=O)NC(C(=O)N1CCCC1c1ncc([nH]1)c1ccc2-c3cc4c(n3C(Oc2c1)c1ccccc1)ccc(c4)c1cnc([nH]1)C1CCCN1C(=O)C(C(C)C)NC(=O)OC)C(C)C
LIT,LIT-447,OCC(n1cc(C(=O)O)c(=O)c2c1cc(OC)c(c2)Cc1cccc(c1F)Cl)C(C)C
LIT,LIT-448,OCC1C(O)CC(C1=C)n1cnc2c1nc(N)[nH]c2=O
LIT,LIT-449,CC(=O)OCC(CCn1cnc2c1nc(N)nc2)COC(=O)C
LIT,LIT-450,CC(=O)OCC(CCn1cnc2c1nc(N)nc2)COC(=O)C
LIT,LIT-451,Fc1c[nH]c(=O)c(n1)C(=O)N
LIT,LIT-452,CC(CN(S(=O)(=O)c1ccc(cc1)N)CC(C(Cc1ccccc1)NC(=O)OC1CCOC1)OP(=O)(O)O)C
LIT,LIT-453,OCC1NC(C(C1O)O)c1c[nH]c2c1ncnc2N
LIT,LIT-454,OCC(OCn1cnc2c1nc(N)[nH]c2=O)CO
LIT,LIT-455,O=C1OC2CCCC2OCC=CC(F)(F)c2c(OC3CN(C(=O)C(N1)C(C)(C)C)C(C3)C(=O)NC1(CC1C(F)F)C(=O)NS(=O)(=O)C1(C)CC1)nc1c(n2)cccc1
LIT,LIT-456,C=CC1CC1(NC(=O)C1CC2CN1C(=O)C(NC(=O)OC1CC1CCCCCc1c(O2)nc2cc(OC)ccc2n1)C(C)(C)C)C(=O)NS(=O)(=O)C1CC1
LIT,LIT-457,OCC(C(C1OC(=CC(C1NC(=O)C)N=C(N)N)C(=O)O)OC)O
LIT,LIT-458,COC(=O)NC(C(=O)N1CC2(CC1c1ncc([nH]1)c1ccc3-c4c(C(c3c1)(F)F)cc(cc4)c1ccc3c(c1)[nH]c(n3)C1C3CCC(N1C(=O)C(C(C)C)NC(=O)OC)C3)CC2)C(C)C
LIT,LIT-459,COc1cccc(c1)N1CCN(CC1)C1=Nc2c(F)cccc2C(N1c1cc(ccc1OC)C(F)(F)F)CC(=O)O
LIT,LIT-460,OCC1C(CO)CC1n1cnc2c1nc(N)[nH]c2=O
LIT,LIT-461,O=C(NC(C(CC(Cc1ccccc1)NC(=O)C(N1CCCNC1=O)C(C)C)O)Cc1ccccc1)COc1c(C)cccc1C
LIT,LIT-462,OCC1OC(C(C1O)O)n1c(NC(C)C)nc2c1cc(Cl)c(c2)Cl
LIT,LIT-463,OC(C(NC(=O)c1cccc(c1C)O)CSc1ccccc1)CN1CC2CCCCC2CC1C(=O)NC(C)(C)C
LIT,LIT-464,COC(=O)NC(C(=O)N1CCCC1C(=O)Nc1ccc(cc1)C1CCC(N1c1ccc(cc1)C(C)(C)C)c1ccc(cc1)NC(=O)C1CCCN1C(=O)C(C(C)C)NC(=O)OC)C(C)C
LIT,LIT-465,CCOC(=O)C1=CC(C(C(C1)N)NC(=O)C)OC(CC)CC
LIT,LIT-466,Cc1ncc(nc1)C(=O)NC1CCCCCC=CC2C(NC(=O)C3N(C1=O)CC(C3)Oc1nc3ccccc3c3c1cccc3)(C2)C(=O)NS(=O)(=O)C1CC1
LIT,LIT-467,OCC(CCn1cnc2c1nc(N)[nH]c2=O)CO
LIT,LIT-468,OCC(CCn1cnc2c1nc(N)[nH]c2=O)CO
LIT,LIT-469,CCC(C(C1C(N=C(N)N)CC(C1O)C(=O)O)NC(=O)C)CC
LIT,LIT-470,COC(=O)NC(C(=O)N1CCCC1c1[nH]c2c(n1)cc(c(c2)C1CCC(N1c1cc(F)c(c(c1)F)N1CCC(CC1)c1ccc(cc1)F)c1cc2[nH]c(nc2cc1F)C1CCCN1C(=O)C(C(OC)C)NC(=O)OC)F)C(OC)C
LIT,LIT-471,OC(=O)C1C2CCC(C1Nc1nc(ncc1F)c1c[nH]c3c1cc(F)cn3)CC2
LIT,LIT-472,CCOC(=O)c1ccc(cc1)OCCC1CCN(CC1)c1ccc(nn1)C
LIT,LIT-473,COc1ccc(c(c1)Cl)OCc1ccc(cc1)COc1c(Cl)cccc1Cl
LIT,LIT-474,NC1CCN(C1)c1nc2cc(nn2cc1C)C1CCCCN1C(=O)c1cc(Cl)ccc1NS(=O)(=O)C
LIT,LIT-475,Fc1ccc(cc1)CNC(=O)c1nc(n(c(=O)c1O)C)C(NC(=O)c1nnc(o1)C)(C)C
LIT,LIT-476,CCC(COC(=O)C(NP(=O)(Oc1ccccc1)OCC1OC(C(C1O)O)(C#N)c1ccc2n1ncnc2N)C)CC
LIT,LIT-477,O=C(NC(C(CC(Cc1ccccc1)NC(=O)C(C(C)C)NC(=O)N(Cc1csc(n1)C(C)C)C)O)Cc1ccccc1)OCc1cncs1
LIT,LIT-478,CCOC(=O)C=CC(CC1CCNC1=O)NC(=O)C(Cc1ccc(cc1)F)CC(=O)C(C(C)C)NC(=O)c1noc(c1)C
LIT,LIT-479,NC(=O)CC(C(=O)NC(C(CN1CC2CCCCC2CC1C(=O)NC(C)(C)C)O)Cc1ccccc1)NC(=O)c1ccc2c(n1)cccc2
LIT,LIT-480,COc1ccc2c(c1C)nc(cc2OC1CC2C(C1)C(=O)N(C)CCCCC=CC1C(NC2=O)(C1)C(=O)NS(=O)(=O)C1CC1)c1scc(n1)C(C)C
LIT,LIT-481,CC(OC(=O)C(NP(=O)(Oc1ccccc1)OCC1OC(C(C1O)(C)F)n1ccc(=O)[nH]c1=O)C)C
LIT,LIT-482,CCCC(C(=O)C(=O)NC1CC1)NC(=O)C1C2CCCC2CN1C(=O)C(C(C)(C)C)NC(=O)C(C1CCCCC1)NC(=O)c1nccnc1
LIT,LIT-483,CC(Cn1cnc2c1ncnc2N)OCP(=O)(O)O
LIT,LIT-484,CCCC1(CCc2ccccc2)CC(=C(C(=O)O1)C(c1cccc(c1)NS(=O)(=O)c1ccc(cn1)C(F)(F)F)CC)O
LIT,LIT-485,CCOC(=O)c1c(CSc2ccccc2)n(c2c1c(CN(C)C)c(O)c(c2)Br)C
LIT,LIT-486,CC(C(C(=O)OCCOCn1cnc2c1nc(N)[nH]c2=O)N)C
LIT,LIT-487,OCC(OCn1cnc2c1nc(N)[nH]c2=O)COC(=O)C(C(C)C)N
LIT,LIT-488,CCOc1noc2c1ccc(c2)OCCC1CCN(CC1)c1ccc(nn1)C
LIT,LIT-489,COCC1CC(N(C1)C(=O)C(c1ccccc1)NC(=O)OC)c1ncc([nH]1)c1ccc2-c3cc4ccc5c(c4cc3OCc2c1)nc([nH]5)C1CCC(N1C(=O)C(C(C)C)NC(=O)OC)C
LIT,LIT-490,CCC1C2CN(C1C(=O)NC1(CC1C(F)F)C(=O)NS(=O)(=O)C1(C)CC1)C(=O)C(NC(=O)OC1CC1CCCCC(c1c(O2)nc2cc(OC)ccc2n1)(F)F)C(C)(C)C
LIT,LIT-491,OCC(C(C1OC(=CC(C1NC(=O)C)N=C(N)N)C(=O)O)O)O
LIT,LIT-492,OCC1OC(CC1OP(=O)(OCC1OC(CC1OP(=O)(OCC1OC(CC1OP(=O)(OCC1OC(CC1OP(=O)(OCC1OC(CC1OP(=O)(OCC1OC(CC1OP(=O)(OCC1OC(CC1OP(=O)(OCC1OC(CC1OP(=O)(OCC1OC(CC1OP(=O)(OCC1OC(CC1OP(=O)(OCC1OC(CC1OP(=O)(OCC1OC(CC1OP(=O)(OCC1OC(CC1OP(=O)(OCC1OC(CC1OP(=O)(OCC1OC(CC1OP(=O)(OCC1OC(CC1OP(=S)(OCC1OC(CC1O)n1cc(C)c(=O)[nH]c1=O)O)n1cnc2c1nc(N)[nH]c2=O)O)n1cnc2c1nc(N)[nH]c2=O)O)n1cnc2c1nc(N)[nH]c2=O)O)n1cc(C)c(=O)[nH]c1=O)O)n1cnc2c1nc(N)[nH]c2=O)O)n1cnc2c1nc(N)[nH]c2=O)O)n1cnc2c1nc(N)[nH]c2=O)O)n1cc(C)c(=O)[nH]c1=O)O)n1cnc2c1nc(N)[nH]c2=O)O)n1cnc2c1nc(N)[nH]c2=O)O)n1cnc2c1nc(N)[nH]c2=O)O)n1cc(C)c(=O)[nH]c1=O)O)n1cnc2c1nc(N)[nH]c2=O)O)n1cnc2c1nc(N)[nH]c2=O)O)n1cc(C)c(=O)[nH]c1=O)S)n1cnc2c1nc(N)[nH]c2=O
LIT,LIT-493,Cc1ccc2c(c1)c(NCC1(N)COC1)nc(n2)N1CCS(=O)(=O)c2c(C1)cccc2
LIT,LIT-494,O=c1oc(c(o1)CN1CCN(CC1)c1cc2c(cc1F)c(=O)c(c1n2C(C)S1)C(=O)O)C
LIT,LIT-495,Fc1ccccc1c1nc2-c(n1)cn(cc2)Cc1ccc(nn1)c1ccc(cc1C(F)(F)F)C(F)(F)F
LIT,LIT-496,Fc1cc(F)c(c(c1)F)CNC(=O)c1cn2CC3OC4CCC(N3C(=O)c2c(c1=O)O)C4
LIT,LIT-497,OC(C(NC(=O)c1cccc(c1C)O)CSc1ccccc1)CN1CC2CCCCC2CC1C(=O)NC(C)(C)C
LIT,LIT-498,O=C(NC(C(CC(Cc1ccccc1)NC(=O)C(N1CCCNC1=O)C(C)C)O)Cc1ccccc1)COc1c(C)cccc1C
LIT,LIT-499,O=C(NC(C(CC(Cc1ccccc1)NC(=O)C(C(C)C)NC(=O)N(Cc1csc(n1)C(C)C)C)O)Cc1ccccc1)OCc1cncs1
LIT,LIT-500,Fc1c[nH]c(=O)c(n1)C(=O)N
LIT,LIT-501,OCC1OC(C(C1O)O)n1cnc(n1)C(=O)N
LIT,LIT-502,O[C@@H]1[C@H](O)[C@H](O[C@H]1n1cnc2c1ncnc2N)COP(=O)(N)[O-].[Na+]
LIT,LIT-503,CCC(COC(=O)C(NP(=O)(Oc1ccccc1)OCC1OC(C(C1O)O)(C#N)c1ccc2n1ncnc2N)C)CC
LIT,LIT-504,CC(CN(S(=O)(=O)c1ccc2c(c1)sc(n2)NC1CCN(CC1)C1CCCC1)CC(C(Cc1ccccc1)NC(=O)OC1COC2C1CCO2)O)C
LIT,LIT-505,CCOC(=O)c1c(CSc2ccccc2)n(c2c1c(CN(C)C)c(O)c(c2)Br)C
LIT,LIT-506,CN(CCCN1c2ccccc2Sc2c1cc(Cl)cc2)C.Cl
LIT,LIT-507,OCC1OC(C(C1O)O)n1cnc(n1)C(=O)N
LIT,LIT-508,COc1c(CC=C(CCC(=O)O)C)c(O)c2c(c1C)COC2=O
LIT,LIT-509,CCN(C(=S)SSC(=S)N(CC)CC)CC
LIT,LIT-510,CC(=O)Oc1ccccc1C(=O)Nc1ncc(s1)[N+](=O)[O-]
LIT,LIT-511,Clc1ccc(c(c1)C(=O)Nc1ccc(cc1Cl)[N+](=O)[O-])O
LIT,LIT-512,O=C(C(C)C)OCC(=O)C12OC(OC1CC1C2(C)CC(O)C2C1CCC1=CC(=O)C=CC21C)C1CCCCC1
LIT,LIT-513,Oc1cc(O)c2c(c1)oc(c(c2=O)O)c1ccc(c(c1)O)O
LIT,LIT-514,OC1C(OC(C(C1OC(=O)c1cc(O)c(c(c1)O)O)OC(=O)c1cc(O)c(c(c1)O)O)COC(=O)c1cc(O)c(c(c1)O)O)OC(=O)c1cc(O)c(c(c1)O)O
LIT,LIT-515,Oc1cc(O)c2c(c1)oc(cc2=O)c1ccc(c(c1)O)O
LIT,LIT-516,Oc1ccc(cc1)c1cc(=O)c2c(o1)cc(c(c2O)O)O
LIT,LIT-517,OC1C(OC2OC(C(=O)O)C(C(C2O)O)O)C(OC(C1O)C(=O)O)OC1CCC2(C(C1(C)C)CCC1(C2C(=O)C=C2C1(C)CCC1(C2CC(C)(CC1)C(=O)O)C)C)C
LIT,LIT-518,Oc1ccc(cc1)c1oc2c(O)c(O)cc(c2c(=O)c1O)O
LIT,LIT-519,COc1cc(O)cc(c1C(=O)C=Cc1ccc(cc1)O)O
LIT,LIT-520,COc1c(OC)cc2c3c1Oc1cc4c(cc1OC)CCN(C4Cc1ccc(Oc4cc(CC3N(CC2)C)ccc4OC)cc1)C
LIT,LIT-521,COc1cc2CCN(C3c2c(c1O)Oc1cc2c(cc1OC)CCN(C2Cc1ccc(Oc2cc(C3)ccc2OC)cc1)C)C
LIT,LIT-522,COc1cc2CCN(C3c2cc1Oc1c2c(CCN(C2Cc2ccc(Oc4cc(C3)ccc4OC)cc2)C)cc2c1OCO2)C
LIT,LIT-523,COc1c(OC2OC(COC3OC(C)C(C(C3O)O)O)C(C(C2O)O)O)cc2c(c1O)c(=O)cc(o2)c1ccc(cc1)OC
LIT,LIT-524,Oc1cc(O)c2c(c1)OC(C(C2)OC(=O)c1cc(O)c(c(c1)O)O)c1cc(O)c(c(c1)O)O
LIT,LIT-525,Oc1cc(O)c2c(c1)OC(C(C2)OC(=O)c1cc(O)c(c(c1)O)O)c1cc(O)c(c(c1)O)O
LIT,LIT-526,Cc1cc(O)c2c(c1)C(=O)c1c(C2=O)c(O)cc(c1)O
LIT,LIT-527,OC(=O)C1OC(Oc2cc3oc(cc(=O)c3c(c2O)O)c2ccccc2)C(C(C1O)O)O
LIT,LIT-528,CS(=O)(=O)O.CN1CCN(CC1)Cc1ccc(cc1)C(=O)Nc1ccc(c(c1)Nc1nccc(n1)c1cccnc1)C
LIT,LIT-529,OCC1OC(C(C1O)(F)F)n1ccc(nc1=O)N.Cl
LIT,LIT-530,OC(=O)C(CC(=O)O)(CC(=O)O)O.ClCCC(=C(c1ccccc1)c1ccc(cc1)OCCN(C)C)c1ccccc1
LIT,LIT-531,CN(CCCN1c2ccccc2Sc2c1cc(cc2)C(F)(F)F)C.Cl
LIT,LIT-532,OCCN1CCN(CC1)c1cc(nc(n1)C)Nc1ncc(s1)C(=O)Nc1c(C)cccc1Cl
LIT,LIT-533,CS(=O)C
LIT,LIT-534,OC(=O)C(CC(=O)O)(CC(=O)O)O.ClCCC(=C(c1ccccc1)c1ccc(cc1)OCCN(C)C)c1ccccc1
LIT,LIT-535,CCN(CCCC(Nc1ccnc2c1ccc(c2)Cl)C)CC
LIT,LIT-536,COCCNC(=O)C(C(C)C)NC(=O)C(Cc1ccc(c(c1OC)OC)OC)CC(C(Cc1ccccc1)NC(=O)OC(C)(C)C)O
LIT,LIT-537,CC(CN(S(=O)(=O)c1ccc2c(c1)OCO2)CC(C(Cc1ccc(cc1)OCc1csc(n1)C)NC(=O)OC1COC2C1CCO2)O)C
LIT,LIT-538,CC(CN(C(=O)NC(C)(C)C)CC(C(NC(=O)C(NC(=O)c1ccc2c(n1)cccc2)CC(=O)N)Cc1ccccc1)O)C
LIT,LIT-539,OC1CC(N(C1)C(=O)C1CCCN1C(=O)C(Cc1ccc(cc1)O)NC(=O)C)C(=O)NCC(=O)NC(C(=O)NCC(=O)N)C
LIT,LIT-540,CCCCCCCCCCCC(=O)NC(C(=O)NC(C(=O)O)CCC(=O)NC(C(=O)O)CCCC(C(=O)N)NC(=O)CN)C
LIT,LIT-541,NCCCCC(C(=O)OC(COc1cccc2c1c(=O)cc(o2)C(=O)OCC)COc1cccc2c1c(=O)cc(o2)C(=O)OCC)N.Cl.Cl
LIT,LIT-542,O=CNCCCCC(C(=O)NCC(=O)NC(C(=O)NC1CCSC1=O)Cc1ccccc1)NC(=O)C(Cc1ccc(cc1)O)N
LIT,LIT-543,COc1ccc(cc1)c1sc2c(c1Oc1ccc(cc1)OCCN1CCCCC1)ccc(c2)O
LIT,LIT-544,
LIT,LIT-545,CC[N+](CCCOC(=O)C1C(c2ccccc2)C(C1c1ccccc1)C(=O)OCCC[N+](CC)(CC)C)(CC)C
LIT,LIT-546,COC1CC(OC2C(C)C=CC=C3COC4C3(O)C(C=C(C4O)C)C(=O)OC3CC(CC=C2C)OC2(C3)CCC(C(O2)C(CC)C)C)OC(C1OC1CC(OC)C(C(O1)C)O)C
LIT,LIT-547,CCOC(=O)C1=CC(C(C(C1)N)NC(=O)C)OC(CC)CC
LIT,LIT-548,OCC1OC(C(C1O)O)n1cnc(n1)C(=O)N
LIT,LIT-549,O=C(NC(C(CC(Cc1ccccc1)NC(=O)C(N1CCCNC1=O)C(C)C)O)Cc1ccccc1)COc1c(C)cccc1C
LIT,LIT-550,O=C(NC(C(CC(Cc1ccccc1)NC(=O)C(C(C)C)NC(=O)N(Cc1csc(n1)C(C)C)C)O)Cc1ccccc1)OCc1cncs1
LIT,LIT-551,OCC(OCn1cnc2c1nc(N)[nH]c2=O)CO
LIT,LIT-552,O=C(NC(C(CC(Cc1ccccc1)NC(=O)C(N1CCCNC1=O)C(C)C)O)Cc1ccccc1)COc1c(C)cccc1C.O=C(NC(C(CC(Cc1ccccc1)NC(=O)C(C(C)C)NC(=O)N(Cc1csc(n1)C(C)C)C)O)Cc1ccccc1)OCc1cncs1
LIT,LIT-553,OP(=O)(O)O.OP(=O)(O)O.CCN(CCCC(Nc1ccnc2c1ccc(c2)Cl)C)CC
LIT,LIT-554,CCOC(=O)c1c(CSc2ccccc2)n(c2c1c(CN(C)C)c(O)c(c2)Br)C
LIT,LIT-555,OCCN(CCCC(Nc1ccnc2c1ccc(c2)Cl)C)CC
LIT,LIT-556,Fc1c[nH]c(=O)c(n1)C(=O)N
LIT,LIT-557,OCC(=O)C1(O)CCC2C1(C)CC(O)C1C2CC(C2=CC(=O)C=CC12C)C
LIT,LIT-558,CCC(COC(=O)C(NP(=O)(Oc1ccccc1)OCC1OC(C(C1O)O)(C#N)c1ccc2n1ncnc2N)C)CC
LIT,LIT-559,CCOC(=O)C1=CC(C(C(C1)N)NC(=O)C)OC(CC)CC
LIT,LIT-560,COC(=O)OCOc1c(=O)ccn2c1C(=O)N1CCOCC1N2C1c2ccccc2SCc2c1ccc(c2F)F
LIT,LIT-561,O=C1CCC(C(=O)N1)N1C(=O)c2c(C1=O)cccc2
LIT,LIT-562,CC(CN(S(=O)(=O)c1ccc(cc1)N)CC(C(Cc1ccccc1)NC(=O)OC1COC2C1CCO2)O)C
LIT,LIT-563,O=C(NC(Cc1ccccc1)CCC(Cc1ccccc1)NC(=O)C(NC(=O)N(Cc1csc(n1)C(C)C)C)CCN1CCOCC1)OCc1cncs1
LIT,LIT-564,NCCCCC(C(=O)NC(C(=O)NC(C(=O)NC(C(=O)NC(C(=O)NC(C(=O)NC(C(=O)NC(C(=O)NC(C(=O)NC(C(=O)NC(C(=O)NC(C(=O)NC(C(=O)NC(C(=O)O)CCC(=O)O)C)CCC(=O)O)CCC(=O)O)C(C)C)C(C)C)CCC(=O)O)CCCCN)CCCCN)CCC(=O)O)CCCCN)CC(C)C)CC(=O)O)NC(=O)C(C(C)C)NC(=O)C(C(O)C)NC(=O)C(C(CC)C)NC(=O)C(NC(=O)C(NC(=O)C(NC(=O)C(C(C)C)NC(=O)C(NC(=O)C(C(C)C)NC(=O)C(NC(=O)C(NC(=O)C(NC(=O)C(NC(=O)C(CS)N)CO)CC(=O)O)C)C)CC(=O)O)CO)CO)CCC(=O)O
LIT,LIT-565,OCCN(CCCC(Nc1ccnc2c1ccc(c2)Cl)C)CC
LIT,LIT-566,OP(=O)(O)O.OP(=O)(O)O.CCN(CCCC(Nc1ccnc2c1ccc(c2)Cl)C)CC
LIT,LIT-567,OCC1OC(CC1O)n1cnc(nc1=O)N
LIT,LIT-568,COc1ccc2c(c1)[nH]c(n2)S(=O)Cc1ncc(c(c1C)OC)C
LIT,LIT-569,OCC(C(=O)N1Cc2ccccc2CC1C(=O)N1C2CCCCC2CC1C(=O)NC(C(=O)O)CCCN=C(N)N)NC(=O)C(Cc1cccs1)NC(=O)CNC(=O)C1CC(CN1C(=O)C1CCCN1C(=O)C(NC(=O)C(CCCN=C(N)N)N)CCCN=C(N)N)O
LIT,LIT-570,COC(=O)NC(C(C)(C)C)C(=O)NN(Cc1ccc(cc1)c1ccccn1)CC(C(Cc1ccccc1)NC(=O)C(C(C)(C)C)NC(=O)OC)O
LIT,LIT-571,NCCNC(=O)Nc1c[n+](n(c1N)C)CC1=C(C(=O)[O-])N2C(SC1)C(C2=O)NC(=O)C(=NOC(C(=O)O)(C)C)c1nsc(n1)N
LIT,LIT-572,COc1ccc(cc1O)C1CC(=O)c2c(O1)cc(cc2O)OC1OC(COC2OC(C)C(C(C2O)O)O)C(C(C1O)O)O
LIT,LIT-573,CC(CC(C(=O)NC(C(=O)NC(C(=O)C1(C)CO1)CC(C)C)Cc1ccccc1)NC(=O)C(NC(=O)CN1CCOCC1)CCc1ccccc1)C
LIT,LIT-574,CCOC(=O)C1=CC(C(C(C1)N)NC(=O)C)OC(CC)CC
LIT,LIT-575,O=C(NC(C(CC(Cc1ccccc1)NC(=O)C(N1CCCNC1=O)C(C)C)O)Cc1ccccc1)COc1c(C)cccc1C
LIT,LIT-576,O=C(NC(C(CC(Cc1ccccc1)NC(=O)C(C(C)C)NC(=O)N(Cc1csc(n1)C(C)C)C)O)Cc1ccccc1)OCc1cncs1
LIT,LIT-577,OCC(OCn1cnc2c1nc(N)[nH]c2=O)CO
LIT,LIT-578,CCC(COC(=O)C(NP(=O)(Oc1ccccc1)OCC1OC(C(C1O)O)(C#N)c1ccc2n1ncnc2N)C)CC
LIT,LIT-579,CCN(CCCC(Nc1ccnc2c1ccc(c2)Cl)C)CC
LIT,LIT-580,ONc1ccn(c(=O)n1)C1OC(C(C1O)O)COC(=O)C(C)C
LIT,LIT-581,COc1cc2CCN(C3c2cc1Oc1c2c(CCN(C2Cc2ccc(Oc4cc(C3)ccc4OC)cc2)C)cc2c1OCO2)C
LIT,LIT-582,Fc1ccccc1c1nc2-c(n1)cn(cc2)Cc1ccc(nn1)c1ccc(cc1C(F)(F)F)C(F)(F)F
LIT,LIT-583,NC(=O)CC(C(=O)NC(C(CN1CC2CCCCC2CC1C(=O)NC(C)(C)C)O)Cc1ccccc1)NC(=O)c1ccc2c(n1)cccc2
LIT,LIT-584,CCCC1(CCc2ccccc2)CC(=C(C(=O)O1)C(c1cccc(c1)NS(=O)(=O)c1ccc(cn1)C(F)(F)F)CC)O
LIT,LIT-585,Clc1cc(Br)c2c(c1)CCc1c(C2C2CCN(CC2)C(=O)CC2CCN(CC2)C(=O)N)ncc(c1)Br
LIT,LIT-586,CCc1cc(CCC2(CC(=C(C(=O)O2)Cc2nn3c(n2)nc(cc3C)C)O)C2CCCC2)cc(n1)CC
LIT,LIT-587,COc1ccc2c(c1C)nc(cc2OC1CC2C(C1)C(=O)N(C)CCCCC=CC1C(NC2=O)(C1)C(=O)NS(=O)(=O)C1CC1)c1scc(n1)C(C)C
LIT,LIT-588,COc1ccc2-c3c(C4CCCCC4)c4c(n3CC3(C(c2c1)C3)C(=O)N1C2CCC1CN(C2)C)cc(cc4)C(=O)NS(=O)(=O)N(C)C
LIT,LIT-589,NC(=O)CC(C(=O)NC(C(CN1CC2CCCCC2CC1C(=O)NC(C)(C)C)O)Cc1ccccc1)NC(=O)c1ccc2c(n1)cccc2
LIT,LIT-590,OCC(=O)C1(O)CCC2C1(C)CC(O)C1C2CC(C2=CC(=O)C=CC12C)C
LIT,LIT-591,O=C1CCC(C(=O)N1)N1C(=O)c2c(C1=O)cccc2
LIT,LIT-592,Cc1ncn(c1)c1cc(NC(=O)c2ccc(c(c2)Nc2nccc(n2)c2cccnc2)C)cc(c1)C(F)(F)F
LIT,LIT-593,O=C1N(C)CC(=O)N2C1Cc1c(C2c2ccc3c(c2)OCO3)[nH]c2c1cccc2
LIT,LIT-594,OC(=O)C(NC(=O)c1c(Cl)cc2c(c1Cl)CCN(C2)C(=O)c1ccc2c(c1)occ2)Cc1cccc(c1)S(=O)(=O)C
LIT,LIT-595,O=C1OCC(=C1)C1CCC2(C1(C)CCC1C2CCC2C1(C)CCC(C2)OC1CC(O)C(C(O1)C)OC1CC(O)C(C(O1)C)OC1CC(O)C(C(O1)C)O)O
LIT,LIT-596,O=C1C=CC2(C(=C1)CCC1C2=CCC2(C1CC(C2C(=O)CN1CCN(CC1)c1cc(nc(n1)N1CCCC1)N1CCCC1)C)C)C
LIT,LIT-597,O=C(OC(C)(C)C)NC1CCCCCC=CC2C(NC(=O)C3N(C1=O)CC(C3)OC(=O)N1Cc3c(C1)cccc3F)(C2)C(=O)NS(=O)(=O)C1CC1
LIT,LIT-598,O=C(NC(C(CC(Cc1ccccc1)NC(=O)C(C(C)C)NC(=O)N(Cc1csc(n1)C(C)C)C)O)Cc1ccccc1)OCc1cncs1
LIT,LIT-599,Oc1cc(O)c2c(c1)OC(C(C2)OC(=O)c1cc(O)c(c(c1)O)O)c1ccc(c(c1)O)O
LIT,LIT-600,Oc1cc(O)c2c(c1)OC(C(C2)OC(=O)c1cc(O)c(c(c1)O)O)c1cc(O)c(c(c1)O)O
LIT,LIT-601,O=C(NC(C(CC(Cc1ccccc1)NC(=O)C(N1CCCNC1=O)C(C)C)O)Cc1ccccc1)COc1c(C)cccc1C
LIT,LIT-602,O=C(NC(C(CC(Cc1ccccc1)NC(=O)C(C(C)C)NC(=O)N(Cc1csc(n1)C(C)C)C)O)Cc1ccccc1)OCc1cncs1
LIT,LIT-603,CCCCc1nc(c(n1Cc1ccc(cc1)c1ccccc1c1n[nH]nn1)CO)Cl
LIT,LIT-604,CCCc1nc2c(n1Cc1ccc(cc1)c1ccccc1C(=O)O)cc(cc2C)c1nc2c(n1C)cccc2
LIT,LIT-605,CCN(CCCC(Nc1ccnc2c1ccc(c2)Cl)C)CC
LIT,LIT-606,Fc1c[nH]c(=O)c(n1)C(=O)N
LIT,LIT-607,CCC(COC(=O)C(NP(=O)(Oc1ccccc1)OCC1OC(C(C1O)O)(C#N)c1ccc2n1ncnc2N)C)CC
LIT,LIT-608,O=C(NC(C(CC(Cc1ccccc1)NC(=O)C(N1CCCNC1=O)C(C)C)O)Cc1ccccc1)COc1c(C)cccc1C
LIT,LIT-609,O=C(NC(C(CC(Cc1ccccc1)NC(=O)C(C(C)C)NC(=O)N(Cc1csc(n1)C(C)C)C)O)Cc1ccccc1)OCc1cncs1
LIT,LIT-610,COC(=O)NC(C(C)(C)C)C(=O)NN(Cc1ccc(cc1)c1ccccn1)CC(C(Cc1ccccc1)NC(=O)C(C(C)(C)C)NC(=O)OC)O
LIT,LIT-611,CC(CC(C(=O)NC(C(=O)NC(C(=O)C1(C)CO1)CC(C)C)Cc1ccccc1)NC(=O)C(NC(=O)CN1CCOCC1)CCc1ccccc1)C
LIT,LIT-612,O=C(NC(Cc1ccccc1)CCC(Cc1ccccc1)NC(=O)C(NC(=O)N(Cc1csc(n1)C(C)C)C)CCN1CCOCC1)OCc1cncs1
LIT,LIT-613,COC(=O)NC(C(=O)N1CCCC1C(=O)Nc1ccc(cc1)C1CCC(N1c1ccc(cc1)C(C)(C)C)c1ccc(cc1)NC(=O)C1CCCN1C(=O)C(C(C)C)NC(=O)OC)C(C)C
LIT,LIT-614,O=C(NC(C(CC(Cc1ccccc1)NC(=O)C(N1CCCNC1=O)C(C)C)O)Cc1ccccc1)COc1c(C)cccc1C
LIT,LIT-615,O=C(NC(C(CC(Cc1ccccc1)NC(=O)C(C(C)C)NC(=O)N(Cc1csc(n1)C(C)C)C)O)Cc1ccccc1)OCc1cncs1
LIT,LIT-616,OCC1OC(C(C1O)O)n1cnc(n1)C(=O)N
LIT,LIT-617,OC1C(OC2OC(C(=O)O)C(C(C2O)O)O)C(OC(C1O)C(=O)O)OC1CCC2(C(C1(C)C)CCC1(C2C(=O)C=C2C1(C)CCC1(C2CC(C)(CC1)C(=O)O)C)C)C
LIT,LIT-618,CN(CCCN1c2ccccc2Sc2c1cc(Cl)cc2)C
LIT,LIT-619,CCN(CCCC(Nc1ccnc2c1ccc(c2)Cl)C)CC
LIT,LIT-620,COc1ccc2-c3c(C4CCCCC4)c4c(n3CC3(C(c2c1)C3)C(=O)N1C2CCC1CN(C2)C)cc(cc4)C(=O)NS(=O)(=O)N(C)C
LIT,LIT-621,NC(=O)CC(C(=O)NC(C(CN1CC2CCCCC2CC1C(=O)NC(C)(C)C)O)Cc1ccccc1)NC(=O)c1ccc2c(n1)cccc2
LIT,LIT-622,OCC(=O)C1(O)CCC2C1(C)CC(O)C1C2CC(C2=CC(=O)C=CC12C)C
LIT,LIT-623,O=C1CCC(C(=O)N1)N1C(=O)c2c(C1=O)cccc2
LIT,LIT-624,Cc1ncn(c1)c1cc(NC(=O)c2ccc(c(c2)Nc2nccc(n2)c2cccnc2)C)cc(c1)C(F)(F)F
LIT,LIT-625,O=C1N(C)CC(=O)N2C1Cc1c(C2c2ccc3c(c2)OCO3)[nH]c2c1cccc2
LIT,LIT-626,OC(=O)C(NC(=O)c1c(Cl)cc2c(c1Cl)CCN(C2)C(=O)c1ccc2c(c1)occ2)Cc1cccc(c1)S(=O)(=O)C
LIT,LIT-627,O=C1OCC(=C1)C1CCC2(C1(C)CCC1C2CCC2C1(C)CCC(C2)OC1CC(O)C(C(O1)C)OC1CC(O)C(C(O1)C)OC1CC(O)C(C(O1)C)O)O
LIT,LIT-628,O=C1C=CC2(C(=C1)CCC1C2=CCC2(C1CC(C2C(=O)CN1CCN(CC1)c1cc(nc(n1)N1CCCC1)N1CCCC1)C)C)C
LIT,LIT-629,COc1cc2CCN(C3c2cc1Oc1c2c(CCN(C2Cc2ccc(Oc4cc(C3)ccc4OC)cc2)C)cc2c1OCO2)C
LIT,LIT-630,Fc1ccccc1c1nc2-c(n1)cn(cc2)Cc1ccc(nn1)c1ccc(cc1C(F)(F)F)C(F)(F)F
LIT,LIT-631,NC(=O)CC(C(=O)NC(C(CN1CC2CCCCC2CC1C(=O)NC(C)(C)C)O)Cc1ccccc1)NC(=O)c1ccc2c(n1)cccc2
LIT,LIT-632,CCCC1(CCc2ccccc2)CC(=C(C(=O)O1)C(c1cccc(c1)NS(=O)(=O)c1ccc(cn1)C(F)(F)F)CC)O
LIT,LIT-633,Clc1cc(Br)c2c(c1)CCc1c(C2C2CCN(CC2)C(=O)CC2CCN(CC2)C(=O)N)ncc(c1)Br
LIT,LIT-634,CCc1cc(CCC2(CC(=C(C(=O)O2)Cc2nn3c(n2)nc(cc3C)C)O)C2CCCC2)cc(n1)CC
LIT,LIT-635,COc1ccc2c(c1C)nc(cc2OC1CC2C(C1)C(=O)N(C)CCCCC=CC1C(NC2=O)(C1)C(=O)NS(=O)(=O)C1CC1)c1scc(n1)C(C)C
LIT,LIT-636,OCC1OC(CC1O)n1cnc(nc1=O)N
LIT,LIT-637,COc1ccc2c(c1)[nH]c(n2)S(=O)Cc1ncc(c(c1C)OC)C
LIT,LIT-638,OCC(C(=O)N1Cc2ccccc2CC1C(=O)N1C2CCCCC2CC1C(=O)NC(C(=O)O)CCCN=C(N)N)NC(=O)C(Cc1cccs1)NC(=O)CNC(=O)C1CC(CN1C(=O)C1CCCN1C(=O)C(NC(=O)C(CCCN=C(N)N)N)CCCN=C(N)N)O
LIT,LIT-639,COC(=O)NC(C(C)(C)C)C(=O)NN(Cc1ccc(cc1)c1ccccn1)CC(C(Cc1ccccc1)NC(=O)C(C(C)(C)C)NC(=O)OC)O
LIT,LIT-640,NCCNC(=O)Nc1c[n+](n(c1N)C)CC1=C(C(=O)[O-])N2C(SC1)C(C2=O)NC(=O)C(=NOC(C(=O)O)(C)C)c1nsc(n1)N
LIT,LIT-641,COc1ccc(cc1O)C1CC(=O)c2c(O1)cc(cc2O)OC1OC(COC2OC(C)C(C(C2O)O)O)C(C(C1O)O)O
LIT,LIT-642,CC(CC(C(=O)NC(C(=O)NC(C(=O)C1(C)CO1)CC(C)C)Cc1ccccc1)NC(=O)C(NC(=O)CN1CCOCC1)CCc1ccccc1)C
LIT,LIT-643,OCC1OC(C(C1O)O)n1cnc(n1)C(=O)N
LIT,LIT-644,O=C(NC(C(CC(Cc1ccccc1)NC(=O)C(N1CCCNC1=O)C(C)C)O)Cc1ccccc1)COc1c(C)cccc1C
LIT,LIT-645,O=C(NC(C(CC(Cc1ccccc1)NC(=O)C(C(C)C)NC(=O)N(Cc1csc(n1)C(C)C)C)O)Cc1ccccc1)OCc1cncs1
LIT,LIT-646,CCN1CCN(CC1)Cc1ccc(nc1)Nc1ncc(c(n1)c1cc(F)c2c(c1)n(C(C)C)c(n2)C)F
LIT,LIT-647,CCN(Cc1cc(ccc1O)Nc1ccnc2c1ccc(c2)Cl)CC
LIT,LIT-648,CCCCCOc1ccc(cc1)c1ccc(cc1)c1ccc(cc1)C(=O)NC1CC(O)C(O)NC(=O)C2C(O)C(CN2C(=O)C(NC(=O)C(NC(=O)C2N(C(=O)C(NC1=O)C(O)C)CC(C2)O)C(C(c1ccc(cc1)O)O)O)C(O)C)C
LIT,LIT-649,Oc1ccc2c(c1)c(C)c(n2Cc1ccc(cc1)OCCN1CCCCCC1)c1ccc(cc1)O
LIT,LIT-650,COc1c(OC)cc2c3c1Oc1cc4c(cc1OC)CCN(C4Cc1ccc(Oc4cc(CC3N(CC2)C)ccc4O)cc1)C.Cl
LIT,LIT-651,CN(C(=O)COC(=O)Cc1ccc(cc1)OC(=O)c1ccc(cc1)N=C(N)N)C
LIT,LIT-652,COc1cc2CCN(C3c2cc1Oc1c2c(CCN(C2Cc2ccc(Oc4cc(C3)ccc4OC)cc2)C)cc2c1OCO2)C
LIT,LIT-653,OP(=O)(O)O.OP(=O)(O)O.CCN(CCCC(Nc1ccnc2c1ccc(c2)Cl)C)CC
LIT,LIT-654,O=C(C(C)C)OCC(=O)C12OC(OC1CC1C2(C)CC(O)C2C1CCC1=CC(=O)C=CC21C)C1CCCCC1
LIT,LIT-655,OC(=O)C(CC(=O)O)(CC(=O)O)O.CCN(CCOc1ccc(cc1)C(=C(c1ccccc1)Cl)c1ccccc1)CC
LIT,LIT-656,CC=CCC(C(C1C(=O)NC(CC)C(=O)N(C)CC(=O)N(C)C(CC(C)C)C(=O)NC(C(C)C)C(=O)N(C)C(CC(C)C)C(=O)NC(C(=O)NC(C(=O)N(C(C(=O)N(C(C(=O)N(C(C(=O)N1C)C(C)C)C)CC(C)C)C)CC(C)C)C)C)C)O)C
LIT,LIT-657,O=C1OCC(=C1)C1CCC2(C1(C)CCC1C2CCC2C1(C)CCC(C2)OC1CC(O)C(C(O1)C)OC1CC(O)C(C(O1)C)OC1CC(O)C(C(O1)C)O)O
LIT,LIT-658,O=C1OCC(=C1)C1CCC2(C1(C)C(O)CC1C2CCC2C1(C)CCC(C2)OC1CC(O)C(C(O1)C)OC1CC(O)C(C(O1)C)OC1CC(O)C(C(O1)C)O)O
LIT,LIT-659,CC(=CCc1c2OC34C5(CC=C(C(=O)O)C)OC(C4CC(C5O)C=C3C(=O)c2c(c2c1OC(C)(CCC=C(C)C)C=C2)O)(C)C)C
LIT,LIT-660,CCC(=C(c1cccc(c1)O)c1ccc(cc1)OCCN(C)C)c1ccccc1
LIT,LIT-661,CCCCc1oc2c(c1C(=O)c1ccc(cc1)OCCCN(CCCC)CCCC)cc(cc2)NS(=O)(=O)C.Cl
LIT,LIT-662,O=C(c1ccc(cc1)C(C)(C)C)CCCN1CCC(CC1)OC(c1ccccc1)c1ccccc1
LIT,LIT-663,OC(=O)c1cccc(c1)c1cccc(c1O)N=Nc1c(C)[nH]n(c1=O)c1ccc(c(c1)C)C
LIT,LIT-664,COc1cc(ccc1N1CCC(CC1)N1CCN(CC1)C)Nc1nc(NC2CCOCC2)c(nc1C(=O)N)CC
LIT,LIT-665,Clc1cc(Cl)c(c(c1O)Cc1c(O)c(Cl)cc(c1Cl)Cl)Cl
LIT,LIT-666,CCCCCC(=O)OC1(CCC2C1(C)CCC1C2CCC2=CC(=O)CCC12C)C(=O)C
LIT,LIT-667,Oc1ccc(cc1)c1coc2c(c1=O)c1OC(C)(C)CCc1c1c2C=CC(O1)(C)C
LIT,LIT-668,Oc1ccc(cc1O)c1coc2c(c1=O)c1OC(C)(C)CCc1c1c2C=CC(O1)(C)C
LIT,LIT-669,O=C(c1c[nH]c2c(c1=O)cccc2)Nc1cc(O)c(cc1C(C)(C)C)C(C)(C)C
LIT,LIT-670,OCC1OC(OC2C(C)OC(CC2OC(=O)C)OC2C(O)CC(OC2C)OC2C(O)CC(OC2C)OC2CCC3(C(C2)CCC2C3CC(O)C3(C2(O)CCC3C2=CC(=O)OC2)C)C)C(C(C1O)O)O
LIT,LIT-671,CC(Oc1cc(C2CCNCC2)c(cc1Nc1ncc(c(n1)Nc1ccccc1S(=O)(=O)C(C)C)Cl)C)C
LIT,LIT-672,Clc1ccc(cc1)C1(O)CCN(CC1)CCC(C(=O)N(C)C)(c1ccccc1)c1ccccc1.Cl.Cl
LIT,LIT-673,O=C(NC(C(CC(Cc1ccccc1)NC(=O)C(N1CCCNC1=O)C(C)C)O)Cc1ccccc1)COc1c(C)cccc1C
LIT,LIT-674,CCCCCCOC(c1cccc(c1OC)c1csc(n1)NC(=O)c1cc(Cl)c(c(c1)Cl)C=C(C(=O)O)C)C
LIT,LIT-675,OC(c1cc(nc2c1cccc2C(F)(F)F)C(F)(F)F)C1CCCCN1
LIT,LIT-676,c1ccc2c(c1)N(CC1CN3CCC1CC3)c1c(S2)cccc1
LIT,LIT-677,Clc1ccc(c(c1)C(=O)Nc1ccc(cc1Cl)[N+](=O)[O-])O
LIT,LIT-678,CC(=CCc1c2OC(C)(C)C=Cc2c2c(c1O)c(=O)c(co2)c1ccc(cc1)O)C
LIT,LIT-679,CS(=O)(=O)O.C=CC(=O)Nc1cc(Nc2nccc(n2)c2cn(c3c2cccc3)C)c(cc1N(CCN(C)C)C)OC
LIT,LIT-680,OCC12C(O)CC(CC2(O)CCC2C1C(O)CC1(C2(O)CCC1C1=CC(=O)OC1)C)OC1OC(C)C(C(C1O)O)O
LIT,LIT-681,Clc1cc(NC(=O)c2c(O)c(Cl)cc(c2Cl)Cl)c(c(c1)Cl)O
LIT,LIT-682,Fc1ccc(cc1)C(c1ccc(cc1)F)CCCN1CCC(CC1)(O)c1ccc(c(c1)C(F)(F)F)Cl
LIT,LIT-683,C1CCC(NC1)CC(C1CCCCC1)C1CCCCC1.OC(=O)C=CC(=O)O
LIT,LIT-684,Nc1ccc(c(n1)N)N=Nc1ccccc1.Cl
LIT,LIT-685,C#CCC(c1ccc(cc1)C(=O)NC(C(=O)O)CCC(=O)O)Cc1cnc2c(n1)c(N)nc(n2)N
LIT,LIT-686,OC1C(OC2CCC3(C(=C2)CCC2C3CCC3(C2(O)CCC3c2ccc(=O)oc2)C)C)OC(C(C1O)O)C
LIT,LIT-687,OP(=O)(O)O.OP(=O)(O)O.OP(=O)(O)O.OP(=O)(O)O.COc1ccc2c(n1)c(Nc1cc(CN3CCCC3)c(c(c1)CN1CCCC1)O)c1c(n2)cc(cc1)Cl
LIT,LIT-688,CCN(CCCC(Nc1c2cc(OC)ccc2nc2c1ccc(c2)Cl)C)CC.Cl.Cl
LIT,LIT-689,CCC(COC(=O)C(NP(=O)(Oc1ccccc1)OCC1OC(C(C1O)O)(C#N)c1ccc2n1ncnc2N)C)CC
LIT,LIT-690,CCC(C1OC2(C=CC(C3(O2)CCC(O3)(C)C2CCC(C(O2)C)(O)CC)O)C(CC1C)C)C(=O)C(C(C(C1OC(CCC1C)C(C(=O)[O-])CC)C)O)C.[Na+]
LIT,LIT-691,COc1c(OC)cc2c3c1Oc1cc4c(cc1OC)CCN(C4Cc1ccc(Oc4cc(CC3N(CC2)C)ccc4OC)cc1)C
LIT,LIT-692,CSc1ccc2c(c1)N(CCC1CCCCN1C)c1c(S2)cccc1.Cl
LIT,LIT-693,CCN(CCOc1ccc2-c3c(C(=O)c2c1)cc(cc3)OCCN(CC)CC)CC
LIT,LIT-694,CN(C)CCOC1=CC=C(C=C1)C(=C(CCCl)C2=CC=CC=C2)C3=CC=CC=C3
LIT,LIT-695,CCN(CCOc1ccc(cc1)C(c1ccc(cc1)C)(Cc1ccc(cc1)Cl)O)CC
LIT,LIT-696,NC(=O)CC(C(=O)NC(C(CN1CC2CCCCC2CC1C(=O)NC(C)(C)C)O)Cc1ccccc1)NC(=O)c1ccc2c(n1)cccc2
LIT,LIT-697,COC(=O)NC(C(C)(C)C)C(=O)NN(Cc1ccc(cc1)c1ccccn1)CC(C(Cc1ccccc1)NC(=O)C(C(C)(C)C)NC(=O)OC)O
LIT,LIT-698,O=C(NC(C(CC(Cc1ccccc1)NC(=O)C(N1CCCNC1=O)C(C)C)O)Cc1ccccc1)COc1c(C)cccc1C
LIT,LIT-699,CCCC1(CCc2ccccc2)CC(=C(C(=O)O1)C(c1cccc(c1)NS(=O)(=O)c1ccc(cn1)C(F)(F)F)CC)O
LIT,LIT-700,CC(CN(S(=O)(=O)c1ccc(cc1)N)CC(C(Cc1ccccc1)NC(=O)OC1CCOC1)O)C
LIT,LIT-701,CC(CN(S(=O)(=O)c1ccc(cc1)N)CC(C(Cc1ccccc1)NC(=O)OC1CCOC1)OP(=O)(O)O)C
LIT,LIT-702,O=C(NC(C(CC(Cc1ccccc1)NC(=O)C(C(C)C)NC(=O)N(Cc1csc(n1)C(C)C)C)O)Cc1ccccc1)OCc1cncs1
LIT,LIT-703,CC(CN(S(=O)(=O)c1ccc(cc1)N)CC(C(Cc1ccccc1)NC(=O)OC1COC2C1CCO2)O)C
LIT,LIT-704,Cc1ncc(nc1)C(=O)NC1CCCCCC=CC2C(NC(=O)C3N(C1=O)CC(C3)Oc1nc3ccccc3c3c1cccc3)(C2)C(=O)NS(=O)(=O)C1CC1
LIT,LIT-705,CCC1OC(=O)C(C)C(OC2OC(C)C(C(C2)(C)OC)O)C(C)C(OC2OC(C)CC(C2O)N(C)C)C(CC(CN(C(C(C1(C)O)O)C)C)C)(C)O
LIT,LIT-706,OCCN1CCN(CC1)CCCN1c2ccccc2C=Cc2c1cccc2
LIT,LIT-707,C=CC1CN2CCC1CC2C(c1ccnc2c1cc(OC)cc2)O
LIT,LIT-708,COc1ccc2c(c1)[nH]c(n2)S(=O)Cc1ncc(c(c1C)OC)C
LIT,LIT-709,C=CCOc1ccccc1OCC(CNC(C)C)O.Cl
LIT,LIT-710,Clc1ccc(cc1)Cn1c(CN2CCCC2)nc2c1cccc2.Cl
LIT,LIT-711,CCCCCC(C=CC1C(O)CC(=O)C1CCCCCCC(=O)O)O
LIT,LIT-712,Fc1ccc(c(c1)F)CNC(=O)c1cn2CC3OCCC(N3C(=O)c2c(c1=O)O)C
LIT,LIT-713,COc1c(OC)ncnc1NS(=O)(=O)c1ccc(cc1)N
LIT,LIT-714,CCOC(=O)c1c(CSc2ccccc2)n(c2c1c(CN(C)C)c(O)c(c2)Br)C
LIT,LIT-715,CCC(COC(=O)C(NP(=O)(Oc1ccccc1)OCC1OC(C(C1O)O)(C#N)c1ccc2n1ncnc2N)C)CC
LIT,LIT-716,OC=C1CC2(C)C(CC1=O)CCC1C2CCC2(C1CCC2(C)O)C
LIT,LIT-717,Oc1ccc2c(c1)CC=C1C2CCC2(C1CCC2=O)C
LIT,LIT-718,OC1CCC2(C(=CCC3C2CCC2(C3CCC2C(=O)C)C)C1)C
LIT,LIT-719,O=C1CCC2(C(=C1O)CCC1C2CCC2(C1CCC2=O)C)C
LIT,LIT-720,O=C1C=CC2(C(=C1)C(=C)CC1C2CCC2(C1CCC2=O)C)C
LIT,LIT-721,O=C1C=CC2(C(=C1)CCC1C2CCC2(C1CCC2(C)O)C)C
LIT,LIT-722,CCOC(=O)OC1(CCC2C1(C)CC(O)C1C2CCC2=CC(=O)C=CC12C)C(=O)COC(=O)CC
LIT,LIT-723,OCC(=O)C12OC(OC1CC1C2(C)CC(O)C2C1CCC1=CC(=O)C=CC21C)(C)C
LIT,LIT-724,CCCCC(CC=CC1C(O)CC(=O)C1CCCCCCC(=O)OC)(O)C
LIT,LIT-725,CNCc1cc(n(c1)S(=O)(=O)c1cccnc1)c1ccccc1F
LIT,LIT-726,CC(CN(S(=O)(=O)c1ccc(cc1)N)CC(C(Cc1ccccc1)NC(=O)OC1COC2C1CCO2)O)C
LIT,LIT-727,CCCc1cc(ccn1)C(=S)N
LIT,LIT-728,CN1CCN(CC1)c1c(F)cc2c3c1OCC(n3cc(c2=O)C(=O)O)C
LIT,LIT-729,CCn1cc(C(=O)O)c(=O)c2c1nc(N1CCNCC1)c(c2)F
LIT,LIT-730,CC1NC(C)CN(C1)c1c(F)c(N)c2c(c1F)n(cc(c2=O)C(=O)O)C1CC1
LIT,LIT-731,NC1CONC1=O
LIT,LIT-732,NC1CONC1=O
LIT,LIT-733,O=CCC1CC(C)C(C=CC=CCC(OC(=O)CC(C(C1OC1OC(C)C(C(C1O)N(C)C)OC1CC(C)(O)C(C(O1)C)O)OC)O)C)OC1CCC(C(O1)C)N(C)C
LIT,LIT-734,OC(C(=O)NC1C(=O)N2C1SCC(=C2C(=O)O)CSc1nnnn1C)c1ccccc1
LIT,LIT-735,N(Cc1ccccc1)CCNCc1ccccc1
LIT,LIT-736,O=C1OC2(c3c1cccc3)c1cc(Br)c(cc1Oc1c2cc(Br)c(c1[Hg])[O-])[O-].[Na+].[Na+].O
LIT,LIT-737,OC(C(C(=O)O)O)C(=O)O.Oc1ccc(cc1)C(C(N1CCC(CC1)Cc1ccccc1)C)O.Oc1ccc(cc1)C(C(N1CCC(CC1)Cc1ccccc1)C)O
LIT,LIT-738,CC(NC(C(c1ccc(cc1)O)O)C)CCc1ccccc1
LIT,LIT-739,CN(CCOC(=O)C(C1(O)CCCC1)c1ccccc1)C
LIT,LIT-740,OC(COc1cccc2c1cccc2)CNC(C)C.Cl
LIT,LIT-741,COc1ccccc1OCC(CN1CCN(CC1)CC(=O)Nc1c(C)cccc1C)O
LIT,LIT-742,CCOc1nc2c(n1Cc1ccc(cc1)c1ccccc1c1n[nH]nn1)c(ccc2)C(=O)O
LIT,LIT-743,CCCc1nc(c(n1Cc1ccc(cc1)c1ccccc1c1n[nH]nn1)C(=O)O)C(O)(C)C
LIT,LIT-744,COC(C(C(=O)O)Oc1nc(C)cc(n1)C)(c1ccccc1)c1ccccc1
LIT,LIT-745,CCC(=O)OC(C(C)C)OP(=O)(CC(=O)N1CC(CC1C(=O)O)C1CCCCC1)CCCCc1ccccc1
LIT,LIT-746,Oc1ccc(cc1)C1CNCCc2c1cc(O)c(c2Cl)O
LIT,LIT-747,CCC1(CCCCN(C1)C)c1cccc(c1)O
LIT,LIT-748,C=C1CCC2(C34C1Oc1c4c(CC2N(CC3)CC2CC2)ccc1O)O.Cl
LIT,LIT-749,CN1CCN2C(C1)c1ccccc1Cc1c2nccc1
LIT,LIT-750,CN1CCN(CC1)C1=Nc2ccccc2Nc2c1cc(s2)C
LIT,LIT-751,Nc1c2CCCCc2nc2c1cccc2
LIT,LIT-752,CN(CCCN1c2ccccc2Sc2c1cccc2)C
LIT,LIT-753,COc1cc(N)c(cc1C(=O)NC1CCN(CC1)Cc1ccccc1)Cl
LIT,LIT-754,COc1cc2c(cc1OC)CC(C2=O)CC1CCN(CC1)Cc1ccccc1
LIT,LIT-755,CC(C(=O)c1ccc(cc1)C)CN1CCCCC1
LIT,LIT-756,C1CN=C(N1)C1COc2c(O1)cccc2
LIT,LIT-757,O=C1C(CCc2c1c1ccccc1n2C)Cn1ccnc1C
LIT,LIT-758,CN1CCCC1Cc1c[nH]c2c1cc(cc2)CCS(=O)(=O)c1ccccc1
LIT,LIT-759,CC(Cc1ccccc1)(N)C
LIT,LIT-760,O=C1CC2(CCCC2)CC(=O)N1CCCCN1CCN(CC1)c1ncccn1
LIT,LIT-761,COc1ccc2c(c1)ccc(c2)CCC(=O)C
LIT,LIT-762,Cc1ccc(c(c1)C(c1ccccc1)CCN(C(C)C)C(C)C)O
LIT,LIT-763,CCCCOc1cc(ccc1N)C(=O)OCCN(CC)CC
LIT,LIT-764,CCCNC(COC(=O)c1ccccc1)(C)C
LIT,LIT-765,CCCCOc1ccc(cc1)C(=O)CCN1CCCCC1
LIT,LIT-766,CCc1ccc(cc1)C(=O)C(CN1CCCCC1)C
LIT,LIT-767,COc1cc2c(cc1OC)CC[N+](C2Cc1ccc(c(c1)OC)OC)(C)CCC(=O)OCCCCCOC(=O)CC[N+]1(C)CCc2c(C1Cc1ccc(c(c1)OC)OC)cc(c(c2)OC)OC
LIT,LIT-768,O=CNc1cc(ccc1O)C(CNC(Cc1ccc(cc1)OC)C)O
LIT,LIT-769,OC1CCC(CC1)NCc1cc(Br)cc(c1N)Br
LIT,LIT-770,OCc1cc(ccc1O)C(CNC(C)(C)C)O
LIT,LIT-771,Clc1[nH]c2c(n1)n(C)c(=O)n(c2=O)C.CN(CCOC(c1ccccc1)c1ccccc1)C
LIT,LIT-772,CN(CCN(c1ccccn1)Cc1ccccc1)C
LIT,LIT-773,CCN(CCCC(Nc1ccnc2c1ccc(c2)Cl)C)CC
LIT,LIT-774,OCCN(CCCC(Nc1ccnc2c1ccc(c2)Cl)C)CC
LIT,LIT-775,OC1OC2OC3(C)CCC4C2(C(C1C)CCC4C)OO3
LIT,LIT-776,CNCC(c1ccc(c(c1)OC(=O)C(C)(C)C)OC(=O)C(C)(C)C)O
LIT,LIT-777,CCOc1ccc2c(c1)sc(n2)S(=O)(=O)N
LIT,LIT-778,O=C(NC(C(=O)NCC(=O)O)CSSCC(C(=O)NCC(=O)O)NC(=O)CCC(C(=O)O)N)CCC(C(=O)O)N
LIT,LIT-779,CC(=CC=CC(=CC(=O)O)C)C=CC1=C(C)CCCC1(C)C
LIT,LIT-780,Oc1cccc2c1C(=O)c1c(C2)cccc1O
LIT,LIT-781,CC(C(=O)c1c(nn2c1cccc2)C(C)C)C
LIT,LIT-782,OCCC(=C(N(Cc1cnc(nc1N)C)C=O)C)SSCC1CCCO1
LIT,LIT-783,CC=Cc1ccc(cc1)OC
LIT,LIT-784,OP(=O)(C(P(=O)(O)O)(Cn1cncc1)O)O
LIT,LIT-785,Oc1ccc(cc1)C1(c2ccc(cc2)O)C(=O)Nc2c1cccc2
LIT,LIT-786,CC(=O)Oc1ccc(cc1)C(=C1CCCCC1)c1ccc(cc1)OC(=O)C
LIT,LIT-787,O=C(NC(C(CC(Cc1ccccc1)NC(=O)C(N1CCCNC1=O)C(C)C)O)Cc1ccccc1)COc1c(C)cccc1C
LIT,LIT-788,OC(C(NC(=O)c1cccc(c1C)O)CSc1ccccc1)CN1CC2CCCCC2CC1C(=O)NC(C)(C)C
LIT,LIT-789,COc1cc(ccc1c1cnco1)NC(=O)Nc1cccc(c1)CNC(=O)OC1COCC1
LIT,LIT-790,O=c1c2ccccc2[se]n1c1ccccc1
LIT,LIT-791,CCN(C(=S)SSC(=S)N(CC)CC)CC
LIT,LIT-792,O=c1sn(c(=O)n1Cc1ccccc1)c1cccc2c1cccc2
LIT,LIT-793,CCCCCCNC(=O)n1cc(F)c(=O)[nH]c1=O
LIT,LIT-794,CC(=CCC(C1=CC(=O)c2c(C1=O)c(O)ccc2O)O)C
LIT,LIT-795,CCC(SSc1ncc[nH]1)C
LIT,LIT-796,NC12CC3CC(C2)CC(C1)C3
LIT,LIT-797,COC(=O)NC(C(C)(C)C)C(=O)NN(Cc1ccc(cc1)c1ccccn1)CC(C(Cc1ccccc1)NC(=O)C(C(C)(C)C)NC(=O)OC)O
LIT,LIT-798,O=C(NC(C(CC(Cc1ccccc1)NC(=O)C(C(C)C)NC(=O)N(Cc1csc(n1)C(C)C)C)O)Cc1ccccc1)OCc1cncs1
LIT,LIT-799,NCCCNCCCCN
LIT,LIT-800,O=c1[nH]nc2n1ccc1c2cc(c(n1)c1ccc(cc1)C1(N)CCC1)c1ccccc1
LIT,LIT-801,Clc1ccc(c(c1)C(=O)Nc1ccc(cc1Cl)[N+](=O)[O-])O
LIT,LIT-802,CCN(Cc1cc(ccc1O)Nc1ccnc2c1ccc(c2)Cl)CC
LIT,LIT-803,ClCCC(=C(c1ccccc1)c1ccc(cc1)OCCN(C)C)c1ccccc1